อันที่ 1,,Link
1,🔥 เปลี่ยนชีวิตใน 3 เดือน! Microsoft แจกฟรี คอร์ส Azure Fundamentals เรียนรู้ Cloud Computing แบบมืออาชีพ สายไอทีห้ามพลาด! ไม่มีพื้นฐานก็เรียนได้ (วาปในเม้น👇) ⬇️,https://www.coursera.org/specializations/microsoft-azure-fundamentals-az900-exam-prep
2,แจกด่วน! 🎓 คอร์สฟรีจาก Microsoft เรียน Cloud Computing แบบครบวงจร พร้อมรับ Certificate ติดหางานแน่นอน มูลค่าหลายหมื่น เรียนได้ที่บ้าน จบใน 3 เดือน (วาปในเม้น👇) ⬇️,
3,สายไอทีต้องรู้! Microsoft Azure ทักษะมาแรงปี 2025 เรียนฟรี! รับ Certificate เริ่มต้นเงินเดือนแสน ตำแหน่งรออยู่ (วาปในเม้น👇) 💻,
4,โอกาสมาแล้ว! 🚀 Microsoft เปิดคอร์สฟรี Azure Fundamentals สอนตั้งแต่พื้นฐาน ถึงระดับ Pro พร้อมทำ Workshop จากผู้เชี่ยวชาญตัวจริง (วาปในเม้น👇) ⬇️,
5,"เก็บด่วน! 📚 คอร์สเรียน Microsoft Azure ฟรี! เรียนจบได้ Certificate รับรองจาก Microsoft โดยตรง มูลค่ารวมกว่า 30,000 บาท สมัครก่อนเต็ม (วาปในเม้น👇)",
6,มาแล้ว! 🌟 คอร์สเรียน Cloud Computing จาก Microsoft ฟรี! เรียนที่ไหนก็ได้ จบแล้วได้ใบ Certificate ไปสมัครงาน รับรองว่าปัง (วาปในเม้น👇) 💼,
7,สายไอทีห้ามพลาด! 💪 Microsoft แจกฟรี คอร์ส Azure เรียนจบพร้อมทำงานจริง เรียนออนไลน์ได้ 24 ชม. จบแล้วงานรุม (วาปในเม้น👇),
8,โคตรคุ้ม! 🎯 Microsoft ให้เรียนฟรี! คอร์ส Azure Fundamentals พร้อมรับ Certificate เริ่มต้นอาชีพสาย Cloud Computing วันนี้ (วาปในเม้น👇) ⬇️,
9,อัพสกิลก้าวกระโดด! 🚀 แจกฟรี คอร์ส Microsoft Azure เรียนจบใน 3 เดือน พร้อมรับ Certificate งานดี เงินเดือนปัง! (วาปในเม้น👇),
10,ห้ามพลาด! 🔥 Microsoft เปิดให้เรียนฟรี! คอร์ส Azure Fundamentals เรียนที่บ้าน 10 ชม./สัปดาห์ จบแล้วได้ Certificate รับรองโดย Microsoft (วาปในเม้น👇) ⬇️,
,,
,,
อันที่ 2,,
1,🔥 เปิดแล้ว! คอร์สฟรีจาก Microsoft สอนทำ Data Visualization ตั้งแต่เริ่มต้น ไม่จำเป็นต้องมีพื้นฐาน จบแล้วรับ Certificate เริ่มงานได้เลย! (วาปในเม้น👇) ⬇️,https://www.coursera.org/professional-certificates/microsoft-data-visualization
2,แจกด่วน! 📊 คอร์สวิเคราะห์ข้อมูลจาก Microsoft เรียนฟรี! สร้าง Dashboard สวยๆ ด้วย Power BI จบใน 4 เดือน รับรองการันตีด้วย Certificate (วาปในเม้น👇),
3,สายข้อมูลต้องห้ามพลาด! 🚀 Microsoft เปิดคอร์ส Data Visualization ฟรี อาชีพมาแรงปี 2025 ตลาดต้องการสูงถึง 36% (วาปในเม้น👇) ⬇️,
4,โอกาสมาถึงแล้ว! 💡 เรียนฟรี Data Visualization กับ Microsoft เรียนที่บ้าน 10 ชม./สัปดาห์ ฝึกทำ Project จริง พร้อมเข้าทำงานทันที (วาปในเม้น👇),
5,มาแรงที่สุดในปี 2025! 📈 Microsoft แจกฟรี คอร์ส Data Visualization สอนใช้ Power BI แบบมือโปร ไม่ต้องมีพื้นฐาน รับ Certificate (วาปในเม้น👇),
6,เปลี่ยนชีวิตใน 4 เดือน! 🎯 Microsoft สอนฟรี! วิเคราะห์ข้อมูลด้วย Power BI ตั้งแต่พื้นฐาน ถึงระดับ Pro พร้อมสร้าง Portfolio สมัครงาน (วาปในเม้น👇),
7,"สาย Data ห้ามพลาด! 🌟 เรียนฟรี Data Visualization จาก Microsoft เนื้อหาอัพเดทล่าสุด 2025 มีคนเรียนแล้วกว่า 2,000+ คน (วาปในเม้น👇)",
8,"อัพสกิลก้าวกระโดด! 💪 Microsoft เปิดคอร์สฟรี สอนวิเคราะห์ข้อมูลด้วย Power BI ครบทั้ง DAX, ETL และ Dashboard สวยๆ (วาปในเม้น👇)",
9,ทักษะที่ตลาดต้องการ! 📱 Microsoft แจกฟรี คอร์ส Data Visualization เรียนจบมีงานรองรับแน่นอน พร้อมเทคนิคสัมภาษณ์งาน (วาปในเม้น👇) ⬇️,
10,โคตรคุ้ม! 🎓 คอร์ส Data Visualization จาก Microsoft ฟรี! เรียนออนไลน์ได้ 24 ชม. พร้อมคำแนะนำปรับ Resume และ LinkedIn (วาปในเม้น👇),
,,
,,
อันที่ 3,,
1,🔥 มาแล้ว! คอร์ส AI & ML จาก Microsoft เจาะลึกทุกเทคนิค ตั้งแต่ Machine Learning ยันการสร้าง AI Agent เรียนออนไลน์ 7 ชม./สัปดาห์ (รายละเอียดในคอมเม้นท์) ⬇️,https://www.coursera.org/professional-certificates/microsoft-ai-and-ml-engineering
2,"สาย AI ต้องห้ามพลาด! 🚀 Microsoft เปิดคอร์ส AI & ML Engineering แบบครบวงจร เน้นทำ Project จริง มีผู้เรียนแล้วกว่า 3,700+ คน (ดูเพิ่มเติมในคอมเม้นท์)",
3,เรียนจบไปทำงานได้จริง! 💻 คอร์ส AI & ML จาก Microsoft สอนตั้งแต่สร้าง Model จนถึงการ Deploy บน Azure พร้อมทำ Capstone Project (วิธีสมัครในคอมเม้นท์),
4,อัพสกิลสู่สาย AI! 🎯 Microsoft สอนทำ AI & ML แบบมืออาชีพ เรียนรู้ทั้ง Deep Learning และ NLP พร้อมสร้าง Portfolio สุดปัง (รายละเอียดในคอมเม้นท์) ⬇️,
5,โอกาสมาถึงแล้ว! 🌟 คอร์ส AI & ML Engineering จาก Microsoft เรียนจบ 6 เดือน พร้อมทำงานจริง รีวิว 5.0/5.0 (ดูรายละเอียดในคอมเม้นท์),
6,"ก้าวสู่โลก AI! 🤖 Microsoft เปิดคอร์ส AI & ML Engineering ครบทั้ง Data Pipeline, Model Development และ Deployment รับ Certificate ระดับมืออาชีพ (สมัครในคอมเม้นท์)",
7,พัฒนาตัวเองสู่ AI Engineer! 📈 เรียนรู้การสร้าง AI Solution กับ Microsoft ตั้งแต่พื้นฐานจนถึง Advanced ด้วย Azure Cloud (ลิงก์ลงทะเบียนในคอมเม้นท์),
8,ห้ามพลาด! 💡 คอร์ส AI & ML จาก Microsoft อัพเดทล่าสุด 2025 เน้นทำ Project จริง พร้อมเทคนิคสัมภาษณ์งาน (รายละเอียดในคอมเม้นท์) ⬇️,
9,เปิดประตูสู่อาชีพ AI Engineer! 🎓 Microsoft สอนทำ AI & ML แบบเจาะลึก พร้อมสร้าง AI Agent และ ML Infrastructure ระดับองค์กร (ดูต่อในคอมเม้นท์),
10,พร้อมรึยัง? 🔋 Microsoft ชวนเรียน AI & ML Engineering แบบมืออาชีพ เน้นทำ Project จริง เรียนจบมีงานรอ! (รายละเอียดและวิธีสมัครในคอมเม้นท์),
,,
,,
อันที่ 4,,
1,"🔥 มาแรง! คอร์ส Excel + AI Copilot จาก Microsoft เรียนฟรี! ตั้งแต่พื้นฐานถึงระดับ Pro จบใน 3 เดือน มีคนเรียนแล้วกว่า 7,000+ คน (วาปในเม้น👇) ⬇️",https://www.coursera.org/professional-certificates/microsoft-excel-skills
2,"สายออฟฟิศห้ามพลาด! 📊 คอร์ส Excel ฟรีจาก Microsoft เจาะลึก VBA, Dashboard สวยๆ พร้อมใช้ AI Copilot ช่วยทำงาน (วาปในเม้น👇)",
3,อัพสกิลเพิ่มค่าตัว! 💡 Microsoft สอนใช้ Excel + Copilot แบบมืออาชีพ เรียนออนไลน์ 7 ชม./สัปดาห์ รับ Certificate (วาปในเม้น👇),
4,"ทักษะที่ต้องมี! 🚀 เรียนฟรี Excel Professional จาก Microsoft ครบทั้ง PivotTable, Macro และ AI Copilot งานไวขึ้น 10 เท่า (วาปในเม้น👇)",
5,เปลี่ยนชีวิตใน 3 เดือน! 💪 Microsoft สอนใช้ Excel ตั้งแต่เริ่มต้น จนเชี่ยวชาญ พร้อมสร้าง Portfolio สมัครงาน (วาปในเม้น👇),
6,มาแล้ว! 📈 คอร์สพลิกโฉม Excel ด้วย AI จาก Microsoft เน้นทำ Project จริง พร้อมเทคนิคสร้าง Dashboard สวยๆ (วาปในเม้น👇) ⬇️,
7,โอกาสมาถึงแล้ว! 🌟 Microsoft แจกฟรี! คอร์ส Excel Professional อัพเดทล่าสุด 2025 พร้อมฟีเจอร์ AI Copilot (วาปในเม้น👇),
8,ยกระดับงานออฟฟิศ! 🎯 เรียนฟรี Excel + AI กับ Microsoft สร้าง Report สวย วิเคราะห์ข้อมูลเป็นระบบ งานไวกว่าเดิม (วาปในเม้น👇),
9,ห้ามพลาด! 💻 คอร์ส Excel จาก Microsoft เรียนจบแล้วใช้งานได้จริง พร้อมเทคนิคสัมภาษณ์งาน และปรับ Resume (วาปในเม้น👇),
10,เก่ง Excel ใน 3 เดือน! 🎓 Microsoft สอนฟรี ตั้งแต่พื้นฐานถึงระดับ Pro พร้อมใช้ AI ช่วยทำงาน เรียนที่ไหนก็ได้ (วาปในเม้น👇) ⬇️,
,,
,,
อันที่ 5,,
1,🔥 โอกาสมาแล้ว! คอร์ส Front-End Developer จาก Microsoft เรียนฟรี! ใช้ AI ช่วยเขียนโค้ด ไม่จำเป็นต้องมีพื้นฐาน เรียนจบใน 4 เดือน (วาปในเม้น👇) ⬇️,https://www.coursera.org/professional-certificates/microsoft-front-end-developer
2,"เริ่มต้นเป็น Developer! 💻 Microsoft สอนทำเว็บไซต์แบบมืออาชีพ ครบทั้ง HTML, CSS, JavaScript พร้อม AI Copilot ช่วยเขียนโค้ด (วาปในเม้น👇)",
3,"สายเว็บต้องห้ามพลาด! 🚀 คอร์ส Front-End ฟรีจาก Microsoft เน้นทำ Project จริง มีคนเรียนแล้วกว่า 2,600+ คน (วาปในเม้น👇)",
4,เปลี่ยนสายงานใน 4 เดือน! 🌟 Microsoft เปิดคอร์ส Front-End Developer ตั้งแต่เริ่มต้น พร้อมสร้าง Portfolio สมัครงาน (วาปในเม้น👇),
5,มาแรงที่สุดปี 2025! 🎯 เรียนฟรี Front-End Development กับ Microsoft ใช้ AI ช่วยเขียนโค้ด รีวิว 4.7/5.0 (วาปในเม้น👇),
6,เริ่มต้นอาชีพ Developer! 💡 Microsoft สอนทำเว็บแบบมืออาชีพ เรียนออนไลน์ 10 ชม./สัปดาห์ พร้อมเทคนิคสัมภาษณ์งาน (วาปในเม้น👇) ⬇️,
7,"พัฒนาตัวเองสู่สายเว็บ! 🎓 คอร์ส Front-End จาก Microsoft เรียนรู้ทั้ง HTML, CSS, JavaScript และ C# แบบครบวงจร (วาปในเม้น👇)",
8,ก้าวสู่สาย Developer! 🌈 Microsoft สอนทำเว็บฟรี! ใช้ AI ช่วยเขียนโค้ด พร้อมสร้าง Portfolio สวยๆ ไว้สมัครงาน (วาปในเม้น👇),
9,โอกาสทอง! ⭐️ คอร์ส Front-End Developer จาก Microsoft อัพเดทล่าสุด 2025 เรียนจบมีงานรอ พร้อมปรับ Resume (วาปในเม้น👇),
10,พร้อมรึยัง? 🔥 Microsoft ชวนเรียน Front-End Development ฟรี! เน้นทำ Project จริง ใช้ AI ช่วยเขียนโค้ด รับรองว่าปัง (วาปในเม้น👇) ⬇️,
,,
,,
อันที่ 6,,
1,🔥 มาแรง! คอร์ส Full-Stack Developer จาก Microsoft เรียนฟรี! ครบทั้ง Front-End และ Back-End ใช้ AI ช่วยเขียนโค้ด ไม่จำเป็นต้องมีพื้นฐาน (วาปในเม้น👇) ⬇️,https://www.coursera.org/professional-certificates/microsoft-full-stack-developer
2,"เปลี่ยนชีวิตใน 9 เดือน! 💻 Microsoft สอนเขียนโค้ดแบบครบวงจร ตั้งแต่ HTML ถึง .NET มีคนเรียนแล้วกว่า 4,300+ คน (วาปในเม้น👇)",
3,สาย Developer ห้ามพลาด! 🚀 คอร์ส Full-Stack ฟรีจาก Microsoft 12 คอร์สเรียนเข้มข้น พร้อมสร้าง Portfolio สุดปัง (วาปในเม้น👇),
4,"ก้าวสู่ Developer มืออาชีพ! ⭐️ Microsoft เปิดคอร์ส Full-Stack Development ครบทั้ง C#, .NET, Database รีวิว 4.5/5.0 (วาปในเม้น👇)",
5,โอกาสทองมาถึงแล้ว! 🌟 เรียนฟรี Full-Stack Development กับ Microsoft เรียนออนไลน์ 10 ชม./สัปดาห์ พร้อม AI Copilot ช่วยเขียนโค้ด (วาปในเม้น👇) ⬇️,
6,"พัฒนาตัวเองสู่สายเทค! 💡 Microsoft สอน Full-Stack แบบจัดเต็ม ทั้ง Front-End, Back-End และ DevOps พร้อมใบรับรองระดับมืออาชีพ (วาปในเม้น👇)",
7,สร้างอาชีพใหม่! 🎯 คอร์ส Full-Stack Developer จาก Microsoft อัพเดทล่าสุด 2025 เน้นทำ Project จริง เรียนจบมีงานรอ (วาปในเม้น👇),
8,เรียนจบไปทำงานได้เลย! 🔥 Microsoft สอนทำเว็บแบบครบวงจร พร้อมเทคนิคสัมภาษณ์งาน และการปรับ Resume (วาปในเม้น👇),
9,อาชีพในฝันรอคุณอยู่! 💪 เรียนฟรี Full-Stack Development กับ Microsoft ครบทั้งระบบ Front-End และ Back-End ใช้ AI ช่วยเขียนโค้ด (วาปในเม้น👇),
10,พร้อมรึยัง? 🌈 Microsoft ชวนเรียน Full-Stack Developer แบบครบวงจร 12 คอร์สเข้มข้น เรียนจบการันตีมีงานรองรับ (วาปในเม้น👇) ⬇️,
,,
,,
อันที่ 7,,
1,🔥 เปิดแล้ว! คอร์ส Back-End Developer จาก Microsoft เรียนฟรี! พัฒนาระบบเบื้องหลังแบบมืออาชีพ พร้อม AI ช่วยเขียนโค้ด (วาปในเม้น👇) ⬇️,https://www.coursera.org/professional-certificates/microsoft-back-end-developer
2,"สายหลังบ้านต้องห้ามพลาด! 💻 Microsoft สอน Back-End Development ครบทั้ง C#, .NET และ Database มีคนเรียนแล้ว 2,000+ คน (วาปในเม้น👇)",
3,เริ่มต้นเป็น Back-End Developer! 🚀 เรียนฟรีกับ Microsoft 8 คอร์สเข้มข้น เน้นทำ Project จริง รีวิว 4.6/5.0 (วาปในเม้น👇),
4,อัพสกิลสู่สาย Back-End! ⚡️ Microsoft เปิดคอร์สฟรี เรียนรู้ระบบหลังบ้านแบบครบวงจร พร้อมใช้ AI Copilot ช่วยเขียนโค้ด (วาปในเม้น👇),
5,เปลี่ยนชีวิตใน 6 เดือน! 🎯 คอร์ส Back-End จาก Microsoft ไม่ต้องมีพื้นฐาน เรียนออนไลน์ 10 ชม./สัปดาห์ (วาปในเม้น👇) ⬇️,
6,โอกาสมาถึงแล้ว! 💪 Microsoft สอนพัฒนาระบบ Back-End แบบมืออาชีพ ตั้งแต่ API ถึง Database พร้อมทำ Portfolio (วาปในเม้น👇),
7,"พัฒนาตัวเองสู่สายเทค! 🌟 เรียนฟรี Back-End Development กับ Microsoft ครบทั้ง .NET, DevOps และ Cloud Services (วาปในเม้น👇)",
8,ก้าวสู่อาชีพ Developer! 💡 Microsoft เปิดคอร์ส Back-End ฟรี! อัพเดทล่าสุด 2025 พร้อมเทคนิคสัมภาษณ์งาน (วาปในเม้น👇),
9,เรียนจบไปทำงานได้เลย! 🎓 คอร์ส Back-End จาก Microsoft เน้นปฏิบัติจริง สร้าง API และระบบ Database แบบมืออาชีพ (วาปในเม้น👇),
10,พร้อมรึยัง? 🔥 Microsoft ชวนเรียน Back-End Development แบบเข้มข้น ใช้ AI ช่วยเขียนโค้ด รับรองว่าปัง! (วาปในเม้น👇) ⬇️,
,,
,,
อันที่ 8,,
1,🔥 มาแรง! คอร์ส Program Management จาก Microsoft เรียนฟรี! สายงานที่ตลาดต้องการสูง เริ่มต้นเงินเดือนแสน ไม่จำเป็นต้องมีพื้นฐาน (วาปในเม้น👇) ⬇️,https://www.coursera.org/professional-certificates/microsoft-program-management
2,"เปลี่ยนชีวิตใน 4 เดือน! 📊 Microsoft สอนเป็น Program Manager แบบมืออาชีพ มีคนเรียนแล้ว 2,700+ คน รีวิว 4.6/5.0 (วาปในเม้น👇)",
3,ก้าวสู่สายบริหาร! 🚀 เรียนฟรี Program Management กับ Microsoft 7 คอร์สเข้มข้น เน้นทำ Case Study จริง (วาปในเม้น👇),
4,โอกาสมาถึงแล้ว! 💼 Microsoft เปิดคอร์ส Program Manager เรียนออนไลน์ 10 ชม./สัปดาห์ พร้อมเทคนิคสัมภาษณ์งาน (วาปในเม้น👇),
5,สายบริหารต้องห้ามพลาด! 🎯 คอร์ส Program Management ฟรีจาก Microsoft ครบทั้งทฤษฎีและปฏิบัติ เตรียมสอบ PgMP (วาปในเม้น👇) ⬇️,
6,พัฒนาตัวเองสู่ผู้นำ! ⭐️ Microsoft สอนบริหารโครงการแบบมืออาชีพ เรียนจบมีงานรองรับ พร้อมปรับ Resume (วาปในเม้น👇),
7,อาชีพในฝันรอคุณอยู่! 💡 เรียนฟรี Program Management กับ Microsoft ครบทั้ง Strategic Leadership และ Risk Management (วาปในเม้น👇),
8,เตรียมพร้อมสู่ตำแหน่ง PM! 🌟 Microsoft เปิดคอร์ส Program Management อัพเดทล่าสุด 2025 รับรองการันตีด้วย Certificate (วาปในเม้น👇),
9,เรียนจบไปทำงานได้เลย! 💪 คอร์ส Program Manager จาก Microsoft เน้นทักษะที่ใช้ในการทำงานจริง สร้าง Portfolio สุดปัง (วาปในเม้น👇),
10,พร้อมรึยัง? 🎓 Microsoft ชวนเรียน Program Management แบบเข้มข้น เตรียมพร้อมสู่สายบริหารระดับสูง (วาปในเม้น👇) ⬇️,
,,
,,
อันที่ 9,,
1,🔥 มาแรง! คอร์ส Program Management จาก Microsoft เรียนฟรี! สายงานที่ตลาดต้องการสูง เริ่มต้นเงินเดือนแสน ไม่จำเป็นต้องมีพื้นฐาน (วาปในเม้น👇),https://www.coursera.org/professional-certificates/microsoft-genai-for-data-analysis
2,"เปลี่ยนชีวิตใน 4 เดือน! 📊 Microsoft สอนเป็น Program Manager แบบมืออาชีพ มีคนเรียนแล้ว 2,700+ คน รีวิว 4.6/5.0 (วาปในเม้น👇)",
3,ก้าวสู่สายบริหาร! 🚀 เรียนฟรี Program Management กับ Microsoft 7 คอร์สเข้มข้น เน้นทำ Case Study จริง (วาปในเม้น👇),
4,โอกาสมาถึงแล้ว! 💼 Microsoft เปิดคอร์ส Program Manager เรียนออนไลน์ 10 ชม./สัปดาห์ พร้อมเทคนิคสัมภาษณ์งาน (วาปในเม้น👇),
5,สายบริหารต้องห้ามพลาด! 🎯 คอร์ส Program Management ฟรีจาก Microsoft ครบทั้งทฤษฎีและปฏิบัติ เตรียมสอบ PgMP (วาปในเม้น👇),
6,พัฒนาตัวเองสู่ผู้นำ! ⭐️ Microsoft สอนบริหารโครงการแบบมืออาชีพ เรียนจบมีงานรองรับ พร้อมปรับ Resume (วาปในเม้น👇),
7,อาชีพในฝันรอคุณอยู่! 💡 เรียนฟรี Program Management กับ Microsoft ครบทั้ง Strategic Leadership และ Risk Management (วาปในเม้น👇),
8,เตรียมพร้อมสู่ตำแหน่ง PM! 🌟 Microsoft เปิดคอร์ส Program Management อัพเดทล่าสุด 2025 รับรองการันตีด้วย Certificate (วาปในเม้น👇),
9,เรียนจบไปทำงานได้เลย! 💪 คอร์ส Program Manager จาก Microsoft เน้นทักษะที่ใช้ในการทำงานจริง สร้าง Portfolio สุดปัง (วาปในเม้น👇),
10,พร้อมรึยัง? 🎓 Microsoft ชวนเรียน Program Management แบบเข้มข้น เตรียมพร้อมสู่สายบริหารระดับสูง (วาปในเม้น👇),
,,
,,
อันที่ 10,,
1,🔥 สายความปลอดภัยต้องห้ามพลาด! คอร์ส Azure Cybersecurity จาก Microsoft เรียนฟรี! เจาะลึกทุกเทคนิคป้องกันภัยไซเบอร์ ใช้ AI ช่วยตรวจจับการโจมตี (วาปในเม้น👇) ⬇️,https://www.coursera.org/specializations/microsoft-azure-cybersecurity-tools-solutions
2,"พร้อมรับมือภัยไซเบอร์! 🛡️ Microsoft สอนใช้ Azure Security แบบมืออาชีพ ครบทั้ง DDoS, SIEM และ SOAR รีวิว 4.9/5.0 (วาปในเม้น👇)",
3,เริ่มต้นเป็น Security Expert! 🚀 เรียนฟรี Azure Cybersecurity กับ Microsoft 5 คอร์สเข้มข้น เน้นทำ Project จริง (วาปในเม้น👇),
4,อาชีพมาแรงปี 2025! ⚡️ Microsoft เปิดคอร์ส Cybersecurity เรียนออนไลน์ 10 ชม./สัปดาห์ จบใน 2 เดือน พร้อมทำงาน (วาปในเม้น👇),
5,ปกป้ององค์กรจากภัยไซเบอร์! 🔒 คอร์ส Azure Security ฟรีจาก Microsoft ครบทั้ง Authentication และ Identity Protection (วาปในเม้น👇) ⬇️,
6,พัฒนาตัวเองสู่สาย Security! 💻 Microsoft สอน Cybersecurity แบบครบวงจร เรียนรู้ Penetration Testing และ Security Policies (วาปในเม้น👇),
7,เตรียมพร้อมสู่โลกไซเบอร์! 🌐 เรียนฟรี Azure Security กับ Microsoft ครบทั้ง Active Directory และ MS Defender (วาปในเม้น👇),
8,ก้าวสู่ผู้เชี่ยวชาญด้านความปลอดภัย! 🎯 Microsoft เปิดคอร์ส Cybersecurity อัพเดทล่าสุด 2025 พร้อม AI Copilot (วาปในเม้น👇),
9,เรียนจบไปทำงานได้เลย! 💪 คอร์ส Azure Security จาก Microsoft เน้นทักษะที่ใช้งานจริง พร้อมสร้าง Portfolio (วาปในเม้น👇),
10,โอกาสมาถึงแล้ว! 🎓 Microsoft ชวนเรียน Cybersecurity แบบเข้มข้น รับมือภัยคุกคามด้วย Azure Tools ระดับองค์กร (วาปในเม้น👇) ⬇️,
,,
,,
อันที่ 11,,
1,"🔥 มาแรง! คอร์สสร้างแอพ AI บน Cloud จาก Microsoft เรียนฟรี! ครบทั้ง Azure Functions, Machine Learning และ Computer Vision (วาปในเม้น👇)",https://www.coursera.org/specializations/building-ai-cloud-apps-microsoft-azure
2,ก้าวสู่นักพัฒนา AI! 🚀 Microsoft สอนสร้างแอพอัจฉริยะบน Azure แบบครบวงจร 10 คอร์สเข้มข้น รีวิว 4.7/5.0 (วาปในเม้น👇),
3,พัฒนาแอพระดับโลก! 💻 เรียนฟรี Azure Cloud + AI กับ Microsoft เน้นทำ Project จริง ใช้ GitHub Copilot ช่วยเขียนโค้ด (วาปในเม้น👇),
4,สร้างแอพ AI ใน 2 เดือน! ⚡️ Microsoft เปิดคอร์สพัฒนา Cloud Apps เรียนออนไลน์ 10 ชม./สัปดาห์ พร้อมทำงานจริง (วาปในเม้น👇),
5,โอกาสมาถึงแล้ว! 🌟 คอร์สพัฒนา AI Solutions บน Azure ครบทั้ง Machine Learning และ Natural Language Processing (วาปในเม้น👇),
6,เรียนรู้เทคโนโลยีล่าสุด! 🎯 Microsoft สอนสร้างแอพ AI บน Cloud แบบมืออาชีพ พร้อมระบบ Serverless และ Docker (วาปในเม้น👇),
7,อัพสกิลสู่ Developer AI! 💡 เรียนฟรี Azure Cloud Development กับ Microsoft ครบทั้ง AI Services และ App Service (วาปในเม้น👇),
8,สร้างผลงานระดับมืออาชีพ! 🔧 Microsoft เปิดคอร์ส AI Cloud Apps อัพเดทล่าสุด 2025 พร้อมสร้าง Portfolio สุดปัง (วาปในเม้น👇),
9,เรียนจบไปทำงานได้เลย! 💪 คอร์ส Azure AI จาก Microsoft เน้นทักษะที่ตลาดต้องการ สร้างแอพได้จริง (วาปในเม้น👇),
10,พร้อมรึยัง? 🎓 Microsoft ชวนเรียนสร้างแอพ AI บน Azure แบบเข้มข้น เทคโนโลยีล้ำที่ตลาดต้องการ (วาปในเม้น👇),
,,
,,
อันที่ 12,,
1,"🔥 มาแรง! คอร์ส Office 365 + Power Platform จาก Microsoft เรียนฟรี! มีคนเรียนแล้วกว่า 6,400+ คน รีวิว 4.7/5.0 (วาปในเม้น👇) ⬇️",https://www.coursera.org/specializations/master-microsoft-office-365-power-platform
2,"เพิ่มสกิลออฟฟิศ 300%! 💻 Microsoft สอนใช้ Word, Excel, PowerPoint แบบมืออาชีพ พร้อมสร้างแอพด้วย Power Platform (วาปในเม้น👇)",
3,สายออฟฟิศห้ามพลาด! 🚀 เรียนฟรี Office 365 กับ Microsoft 8 คอร์สเข้มข้น เน้นใช้งานจริง จบใน 3 เดือน (วาปในเม้น👇),
4,ยกระดับงานออฟฟิศ! ⚡️ Microsoft เปิดคอร์ส Office + Power Platform เรียนออนไลน์ 10 ชม./สัปดาห์ สร้างแอพได้แบบไม่ต้องเขียนโค้ด (วาปในเม้น👇),
5,อัพสกิลครบจบในคอร์สเดียว! 📊 เรียนฟรีกับ Microsoft ตั้งแต่ Excel วิเคราะห์ข้อมูล จนถึงสร้าง Chatbot ด้วย Power Platform (วาปในเม้น👇) ⬇️,
6,พลิกโฉมการทำงาน! 🎯 Microsoft สอนใช้ Office 365 แบบเทพ พร้อมสร้าง Dashboard และ Automate งานด้วย Power Platform (วาปในเม้น👇),
7,"ทักษะที่ต้องมี! 💡 เรียนฟรี Office 365 + Power Platform กับ Microsoft ครบทั้ง Power BI, Power Apps และ Power Automate (วาปในเม้น👇)",
8,งานไวขึ้น 10 เท่า! 🌟 Microsoft เปิดคอร์สมาสเตอร์ Office 365 อัพเดทล่าสุด 2025 พร้อมเทคนิคลับเฉพาะมืออาชีพ (วาปในเม้น👇),
9,เรียนจบใช้งานได้จริง! 💪 คอร์ส Office จาก Microsoft เน้นทักษะที่องค์กรต้องการ พร้อมสร้างแอพแบบไม่ต้องเขียนโค้ด (วาปในเม้น👇),
10,พร้อมรึยัง? 🎓 Microsoft ชวนเรียน Office 365 + Power Platform แบบครบวงจร ทำงานไวขึ้น เก่งขึ้น ในคอร์สเดียว (วาปในเม้น👇) ⬇️,
,,
,,
อันที่ 13,,
1,🔥 มาแรง! คอร์ส Power BI + Power Platform จาก Microsoft เรียนฟรี! วิเคราะห์ข้อมูล สร้าง Dashboard สวยๆ แบบมืออาชีพ (วาปในเม้น👇),https://www.coursera.org/specializations/microsoft-power-bi-and-power-platform-productivity
2,เก่ง Data แบบไม่ต้องเขียนโค้ด! 📊 Microsoft สอนใช้ Power BI แบบเทพ 10 คอร์สเข้มข้น รีวิว 4.6/5.0 (วาปในเม้น👇),
3,"สายข้อมูลต้องห้ามพลาด! 🚀 เรียนฟรี Power Platform กับ Microsoft ครบทั้ง Power Apps, Power Automate และ Power BI (วาปในเม้น👇)",
4,วิเคราะห์ข้อมูลใน 4 เดือน! ⚡️ Microsoft เปิดคอร์ส Power BI เรียนออนไลน์ 10 ชม./สัปดาห์ สร้าง Dashboard แบบมืออาชีพ (วาปในเม้น👇),
5,อัพสกิลสาย Data! 💡 เรียนฟรีกับ Microsoft ตั้งแต่วิเคราะห์ข้อมูล จนถึงสร้าง Chatbot ด้วย Power Platform (วาปในเม้น👇),
6,ทำงานไวขึ้น 10 เท่า! 🎯 Microsoft สอนใช้ Power BI วิเคราะห์ข้อมูล พร้อม Automate งานด้วย Power Platform (วาปในเม้น👇),
7,"เปลี่ยนตัวเองเป็น Data Expert! 💪 เรียนฟรี Power BI กับ Microsoft ครบทั้ง ETL, DAX และ Data Modeling (วาปในเม้น👇)",
8,พลิกโฉมองค์กรด้วยข้อมูล! 🌟 Microsoft เปิดคอร์ส Power Platform อัพเดทล่าสุด 2025 พร้อมใช้ AI Copilot (วาปในเม้น👇),
9,"เรียนจบใช้งานได้จริง! 📈 คอร์ส Power BI จาก Microsoft เน้นทักษะที่ตลาดต้องการ มีคนเรียนแล้วกว่า 1,700+ คน (วาปในเม้น👇)",
10,พร้อมรึยัง? 🎓 Microsoft ชวนเรียน Power BI + Power Platform แบบครบวงจร วิเคราะห์ข้อมูลได้แม่นยำ ทำงานได้เร็วขึ้น (วาปในเม้น👇),
,,
,,
อันที่ 14,,
1,🔥 มาอัพสกิล Marketing กัน! คอร์ส Microsoft Copilot for Marketing เรียนฟรีบน Coursera ตั้งแต่พื้นฐานจนใช้งานจริง เรียนจบมี Certificate (วาปในเม้น👇) ⬇️,https://www.coursera.org/specializations/microsoft-copilotformarketing
2,สายมาร์เก็ตติ้งห้ามพลาด! 🚀 เรียนฟรีคอร์สเจาะลึก AI Copilot ช่วยวางแผนการตลาด วิเคราะห์ข้อมูล และสร้างแคมเปญปังๆ (วาปในเม้น👇),
3,อัพสกิลใหม่! 💡 Microsoft สอนใช้ Copilot สำหรับ Marketing แบบมืออาชีพ เรียนออนไลน์ สะดวกทุกที่ ทุกเวลา (วาปในเม้น👇),
4,ทักษะที่ตลาดต้องการ! 🌟 เรียนฟรีคอร์ส Copilot for Marketing จาก Microsoft เน้นใช้งานจริง พร้อมเทคนิคการตลาดยุค AI (วาปในเม้น👇),
5,เปลี่ยนชีวิตการตลาดใน 3 เดือน! 💪 เรียนฟรีกับ Microsoft ตั้งแต่พื้นฐานจนเชี่ยวชาญ พร้อมสร้าง Portfolio สมัครงาน (วาปในเม้น👇),
6,มาแล้ว! 📈 คอร์สพลิกโฉมการตลาดด้วย AI จาก Microsoft เน้นทำ Project จริง พร้อมเทคนิคการวิเคราะห์ข้อมูลแบบ Pro (วาปในเม้น👇) ⬇️,
7,โอกาสดีๆ สำหรับนักการตลาด! 🎯 เรียนฟรีคอร์ส Copilot for Marketing อัพเดทล่าสุด 2025 พร้อมใช้งาน AI ช่วยทำงาน (วาปในเม้น👇),
8,ยกระดับการตลาดด้วย AI! 🚀 Microsoft สอนฟรี ตั้งแต่พื้นฐานจนถึงการสร้างแคมเปญปังๆ ด้วย Copilot (วาปในเม้น👇),
9,ห้ามพลาด! 💻 คอร์ส Copilot for Marketing จาก Microsoft เรียนจบแล้วใช้งานได้จริง พร้อมเทคนิคการทำงานยุคใหม่ (วาปในเม้น👇),
10,เก่ง Marketing ใน 3 เดือน! 🎓 Microsoft สอนฟรี ตั้งแต่พื้นฐานถึงระดับ Pro พร้อมใช้ AI ช่วยทำงาน เรียนที่ไหนก็ได้ (วาปในเม้น👇) ⬇️,
,,
,,
อันที่ 15,,
1,🔥 มาอัพสกิลเขียนโค้ดกัน! คอร์ส Microsoft Copilot for Software Development เรียนฟรีบน Coursera ตั้งแต่พื้นฐานจนใช้งานจริง เรียนจบมี Certificate (วาปในเม้น👇) ⬇️,https://www.coursera.org/specializations/microsoft-copilot-for-software-development
2,สาย Developer ห้ามพลาด! 🚀 เรียนฟรีคอร์สเจาะลึก AI Copilot ช่วยเขียนโค้ด ดีบั๊กโปรแกรม และพัฒนาแอปฯ แบบมืออาชีพ (วาปในเม้น👇),
3,อัพสกิลใหม่! 💡 Microsoft สอนใช้ Copilot สำหรับ Software Development แบบขั้นเทพ เรียนออนไลน์ สะดวกทุกที่ ทุกเวลา (วาปในเม้น👇),
4,ทักษะที่ตลาดต้องการ! 🌟 เรียนฟรีคอร์ส Copilot for Software Development จาก Microsoft เน้นใช้งานจริง พร้อมเทคนิคการเขียนโค้ดยุค AI (วาปในเม้น👇),
5,เปลี่ยนชีวิต Developer ใน 3 เดือน! 💪 เรียนฟรีกับ Microsoft ตั้งแต่พื้นฐานจนเชี่ยวชาญ พร้อมสร้าง Portfolio สมัครงาน (วาปในเม้น👇),
6,มาแล้ว! 📈 คอร์สพลิกโฉมการเขียนโค้ดด้วย AI จาก Microsoft เน้นทำ Project จริง พร้อมเทคนิคการดีบั๊กแบบ Pro (วาปในเม้น👇) ⬇️,
7,โอกาสดีๆ สำหรับ Developer! 🎯 เรียนฟรีคอร์ส Copilot for Software Development อัพเดทล่าสุด 2025 พร้อมใช้งาน AI ช่วยเขียนโค้ด (วาปในเม้น👇),
8,ยกระดับการเขียนโค้ดด้วย AI! 🚀 Microsoft สอนฟรี ตั้งแต่พื้นฐานจนถึงการพัฒนาแอปฯ ปังๆ ด้วย Copilot (วาปในเม้น👇),
9,ห้ามพลาด! 💻 คอร์ส Copilot for Software Development จาก Microsoft เรียนจบแล้วใช้งานได้จริง พร้อมเทคนิคการทำงานยุคใหม่ (วาปในเม้น👇),
10,เก่งเขียนโค้ดใน 3 เดือน! 🎓 Microsoft สอนฟรี ตั้งแต่พื้นฐานถึงระดับ Pro พร้อมใช้ AI ช่วยทำงาน เรียนที่ไหนก็ได้ (วาปในเม้น👇) ⬇️,
,,
,,
อันที่ 16,,
1,🔥 มาอัพสกิลขายกัน! คอร์ส Microsoft Copilot for Sales เรียนฟรีบน Coursera ตั้งแต่พื้นฐานจนใช้งานจริง เรียนจบมี Certificate (วาปในเม้น👇) ⬇️,https://www.coursera.org/specializations/microsoft-copilot-for-sales
2,สายเซลล์ห้ามพลาด! 🚀 เรียนฟรีคอร์สเจาะลึก AI Copilot ช่วยวิเคราะห์ลูกค้า ปิดดีล และวางแผนการขายแบบมืออาชีพ (วาปในเม้น👇),
3,อัพสกิลใหม่! 💡 Microsoft สอนใช้ Copilot สำหรับ Sales แบบขั้นเทพ เรียนออนไลน์ สะดวกทุกที่ ทุกเวลา (วาปในเม้น👇),
4,ทักษะที่ตลาดต้องการ! 🌟 เรียนฟรีคอร์ส Copilot for Sales จาก Microsoft เน้นใช้งานจริง พร้อมเทคนิคการขายยุค AI (วาปในเม้น👇),
5,เปลี่ยนชีวิตเซลล์ใน 3 เดือน! 💪 เรียนฟรีกับ Microsoft ตั้งแต่พื้นฐานจนเชี่ยวชาญ พร้อมสร้าง Portfolio สมัครงาน (วาปในเม้น👇),
6,มาแล้ว! 📈 คอร์สพลิกโฉมการขายด้วย AI จาก Microsoft เน้นทำ Project จริง พร้อมเทคนิคการวิเคราะห์ลูกค้าแบบ Pro (วาปในเม้น👇) ⬇️,
7,โอกาสดีๆ สำหรับเซลล์! 🎯 เรียนฟรีคอร์ส Copilot for Sales อัพเดทล่าสุด 2025 พร้อมใช้งาน AI ช่วยปิดดีล (วาปในเม้น👇),
8,ยกระดับการขายด้วย AI! 🚀 Microsoft สอนฟรี ตั้งแต่พื้นฐานจนถึงการสร้างยอดขายปังๆ ด้วย Copilot (วาปในเม้น👇),
9,ห้ามพลาด! 💻 คอร์ส Copilot for Sales จาก Microsoft เรียนจบแล้วใช้งานได้จริง พร้อมเทคนิคการทำงานยุคใหม่ (วาปในเม้น👇),
10,เก่งขายใน 3 เดือน! 🎓 Microsoft สอนฟรี ตั้งแต่พื้นฐานถึงระดับ Pro พร้อมใช้ AI ช่วยทำงาน เรียนที่ไหนก็ได้ (วาปในเม้น👇) ⬇️,
,,
,,
อันที่ 17,,
1,🔥 มาอัพสกิลใช้ AI กัน! คอร์ส Microsoft Copilot: Your Everyday AI Companion เรียนฟรีบน Coursera ตั้งแต่พื้นฐานจนใช้งานจริง เรียนจบมี Certificate (วาปในเม้น👇) ⬇️,https://www.coursera.org/specializations/microsoft-copilot-your-everyday-ai-companion
2,สาย Productivity ห้ามพลาด! 🚀 เรียนฟรีคอร์สเจาะลึก AI Copilot ช่วยทำงานประจำวัน วางแผน และจัดการชีวิตแบบมืออาชีพ (วาปในเม้น👇),
3,อัพสกิลใหม่! 💡 Microsoft สอนใช้ Copilot เป็นเพื่อนคู่ใจในชีวิตประจำวัน เรียนออนไลน์ สะดวกทุกที่ ทุกเวลา (วาปในเม้น👇),
4,ทักษะที่ทุกคนต้องมี! 🌟 เรียนฟรีคอร์ส Copilot: Your Everyday AI Companion จาก Microsoft เน้นใช้งานจริง พร้อมเทคนิคการใช้ AI ช่วยชีวิต (วาปในเม้น👇),
5,เปลี่ยนชีวิตใน 3 เดือน! 💪 เรียนฟรีกับ Microsoft ตั้งแต่พื้นฐานจนเชี่ยวชาญ พร้อมสร้างนิสัยการใช้ AI เพื่อเพิ่ม Productivity (วาปในเม้น👇),
6,มาแล้ว! 📈 คอร์สพลิกโฉมชีวิตด้วย AI จาก Microsoft เน้นทำ Project จริง พร้อมเทคนิคการจัดการเวลาชีวิตแบบ Pro (วาปในเม้น👇) ⬇️,
7,โอกาสดีๆ สำหรับทุกคน! 🎯 เรียนฟรีคอร์ส Copilot: Your Everyday AI Companion อัพเดทล่าสุด 2025 พร้อมใช้งาน AI ช่วยชีวิตประจำวัน (วาปในเม้น👇),
8,ยกระดับชีวิตด้วย AI! 🚀 Microsoft สอนฟรี ตั้งแต่พื้นฐานจนถึงการใช้ AI เป็นเพื่อนคู่ใจในทุกสถานการณ์ (วาปในเม้น👇),
9,ห้ามพลาด! 💻 คอร์ส Copilot: Your Everyday AI Companion จาก Microsoft เรียนจบแล้วใช้งานได้จริง พร้อมเทคนิคการทำงานยุคใหม่ (วาปในเม้น👇),
10,เก่งใช้ AI ใน 3 เดือน! 🎓 Microsoft สอนฟรี ตั้งแต่พื้นฐานถึงระดับ Pro พร้อมใช้ AI ช่วยชีวิต เรียนที่ไหนก็ได้ (วาปในเม้น👇) ⬇️,
,,
,,
อันที่ 18,,
1,"🔥 มาแรง! คอร์ส Data Science + AI Copilot จาก Microsoft เรียนฟรี! ตั้งแต่พื้นฐานถึงระดับ Pro จบใน 3 เดือน มีคนเรียนแล้วกว่า 7,000+ คน (วาปในเม้น👇) ⬇️",https://www.coursera.org/specializations/microsoft-copilot-for-data-science
2,สาย Data ห้ามพลาด! 📊 คอร์ส Data Science ฟรีจาก Microsoft เจาะลึก AI Copilot ช่วยวิเคราะห์ข้อมูลแบบมือโปร (วาปในเม้น👇),
3,อัพสกิลเพิ่มค่าตัว! 💡 Microsoft สอนใช้ Data Science + Copilot แบบมืออาชีพ เรียนออนไลน์ 7 ชม./สัปดาห์ รับ Certificate (วาปในเม้น👇),
4,"ทักษะที่ต้องมี! 🚀 เรียนฟรี Data Science Professional จาก Microsoft ครบทั้ง Data Analysis, Visualization และ AI Copilot งานไวขึ้น 10 เท่า (วาปในเม้น👇)",
5,เปลี่ยนชีวิตใน 3 เดือน! 💪 Microsoft สอนใช้ Data Science ตั้งแต่เริ่มต้น จนเชี่ยวชาญ พร้อมสร้าง Portfolio สมัครงาน (วาปในเม้น👇),
6,มาแล้ว! 📈 คอร์สพลิกโฉม Data Science ด้วย AI จาก Microsoft เน้นทำ Project จริง พร้อมเทคนิควิเคราะห์ข้อมูลแบบ Pro (วาปในเม้น👇) ⬇️,
7,โอกาสมาถึงแล้ว! 🌟 Microsoft แจกฟรี! คอร์ส Data Science Professional อัพเดทล่าสุด 2025 พร้อมฟีเจอร์ AI Copilot (วาปในเม้น👇),
8,ยกระดับงาน Data! 🎯 เรียนฟรี Data Science + AI กับ Microsoft สร้าง Report สวย วิเคราะห์ข้อมูลเป็นระบบ งานไวกว่าเดิม (วาปในเม้น👇),
9,ห้ามพลาด! 💻 คอร์ส Data Science จาก Microsoft เรียนจบแล้วใช้งานได้จริง พร้อมเทคนิคสัมภาษณ์งาน และปรับ Resume (วาปในเม้น👇),
10,เก่ง Data Science ใน 3 เดือน! 🎓 Microsoft สอนฟรี ตั้งแต่พื้นฐานถึงระดับ Pro พร้อมใช้ AI ช่วยทำงาน เรียนที่ไหนก็ได้ (วาปในเม้น👇) ⬇️,
,,
,,
อันที่ 19,,https://www.coursera.org/professional-certificates/microsoft-public-relations
1,🔥 มาอัพสกิล PR กัน! คอร์ส Microsoft Public Relations เรียนฟรีบน Coursera ตั้งแต่พื้นฐานจนใช้งานจริง เรียนจบมี Certificate (วาปในเม้น👇) ⬇️,
2,สาย PR ห้ามพลาด! 🚀 เรียนฟรีคอร์สเจาะลึกการสร้างภาพลักษณ์องค์กร วางแผนสื่อสาร และจัดการ Crisis แบบมืออาชีพ (วาปในเม้น👇),
3,อัพสกิลใหม่! 💡 Microsoft สอนใช้เครื่องมือและเทคนิค Public Relations แบบขั้นเทพ เรียนออนไลน์ สะดวกทุกที่ ทุกเวลา (วาปในเม้น👇),
4,ทักษะที่ตลาดต้องการ! 🌟 เรียนฟรีคอร์ส Public Relations จาก Microsoft เน้นใช้งานจริง พร้อมเทคนิคการสื่อสารยุคดิจิทัล (วาปในเม้น👇),
5,เปลี่ยนชีวิต PR ใน 3 เดือน! 💪 เรียนฟรีกับ Microsoft ตั้งแต่พื้นฐานจนเชี่ยวชาญ พร้อมสร้าง Portfolio สมัครงาน (วาปในเม้น👇),
6,มาแล้ว! 📈 คอร์สพลิกโฉมการทำ PR ด้วย Microsoft เน้นทำ Project จริง พร้อมเทคนิคการสื่อสารแบบ Pro (วาปในเม้น👇) ⬇️,
7,โอกาสดีๆ สำหรับนัก PR! 🎯 เรียนฟรีคอร์ส Public Relations อัพเดทล่าสุด 2025 พร้อมเทคนิคการสื่อสารยุคใหม่ (วาปในเม้น👇),
8,ยกระดับการทำ PR ด้วย Microsoft! 🚀 เรียนฟรี ตั้งแต่พื้นฐานจนถึงการสร้างแคมเปญสื่อสารปังๆ (วาปในเม้น👇),
9,ห้ามพลาด! 💻 คอร์ส Public Relations จาก Microsoft เรียนจบแล้วใช้งานได้จริง พร้อมเทคนิคการทำงานยุคใหม่ (วาปในเม้น👇),
10,เก่ง PR ใน 3 เดือน! 🎓 Microsoft สอนฟรี ตั้งแต่พื้นฐานถึงระดับ Pro พร้อมสร้างภาพลักษณ์องค์กรแบบมืออาชีพ (วาปในเม้น👇) ⬇️,
,,
,,
อันที่ 20,,https://www.coursera.org/professional-certificates/ux-design
1,"🔥 มาแรง! คอร์ส UX Design Professional จาก Coursera เรียนฟรี! ตั้งแต่พื้นฐานถึงระดับ Pro จบใน 6 เดือน มีคนเรียนแล้วกว่า 10,000+ คน (วาปในเม้น👇) ⬇️",
2,สายดีไซน์ห้ามพลาด! 🎨 คอร์ส UX Design ฟรีจาก Coursera เจาะลึกการออกแบบประสบการณ์ผู้ใช้แบบมืออาชีพ (วาปในเม้น👇),
3,อัพสกิลเพิ่มค่าตัว! 💡 เรียน UX Design แบบ Pro กับหลักสูตรจากผู้เชี่ยวชาญ เรียนออนไลน์ 7 ชม./สัปดาห์ รับ Certificate (วาปในเม้น👇),
4,"ทักษะที่ต้องมี! 🚀 เรียนฟรี UX Design Professional ครบทั้ง Research, Wireframe, Prototype และ Testing งานไวขึ้น 10 เท่า (วาปในเม้น👇)",
5,เปลี่ยนชีวิตใน 6 เดือน! 💪 เรียน UX Design ตั้งแต่เริ่มต้น จนเชี่ยวชาญ พร้อมสร้าง Portfolio สมัครงาน (วาปในเม้น👇),
6,มาแล้ว! 📈 คอร์สพลิกโฉม UX Design จาก Coursera เน้นทำ Project จริง พร้อมเทคนิคออกแบบที่ใช้ได้ในงานจริง (วาปในเม้น👇) ⬇️,
7,โอกาสมาถึงแล้ว! 🌟 Coursera แจกฟรี! คอร์ส UX Design Professional อัพเดทล่าสุด 2025 พร้อม Workshop จริง (วาปในเม้น👇),
8,ยกระดับงานดีไซน์! 🎯 เรียนฟรี UX Design กับหลักสูตรระดับโลก สร้าง Portfolio สวย พร้อมใช้งานได้จริง (วาปในเม้น👇),
9,ห้ามพลาด! 💻 คอร์ส UX Design จาก Coursera เรียนจบแล้วใช้งานได้จริง พร้อมเทคนิคสัมภาษณ์งาน และปรับ Resume (วาปในเม้น👇),
10,เก่ง UX Design ใน 6 เดือน! 🎓 เรียนฟรี ตั้งแต่พื้นฐานถึงระดับ Pro พร้อมสร้างผลงานจริง เรียนที่ไหนก็ได้ (วาปในเม้น👇) ⬇️,
,,
,,
อันที่ 21,,https://www.coursera.org/professional-certificates/microsoft-project-management
1,🔥 มาอัพสกิลจัดการโปรเจกต์กัน! คอร์ส Microsoft Project Management เรียนฟรีบน Coursera ตั้งแต่พื้นฐานจนใช้งานจริง เรียนจบมี Certificate (วาปในเม้น👇) ⬇️,
2,สาย Project Manager ห้ามพลาด! 🚀 เรียนฟรีคอร์สเจาะลึกการวางแผน จัดการ และควบคุมโปรเจกต์แบบมืออาชีพ (วาปในเม้น👇),
3,อัพสกิลใหม่! 💡 Microsoft สอนใช้เครื่องมือและเทคนิค Project Management แบบขั้นเทพ เรียนออนไลน์ สะดวกทุกที่ ทุกเวลา (วาปในเม้น👇),
4,ทักษะที่ตลาดต้องการ! 🌟 เรียนฟรีคอร์ส Project Management จาก Microsoft เน้นใช้งานจริง พร้อมเทคนิคการบริหารโปรเจกต์ยุคดิจิทัล (วาปในเม้น👇),
5,เปลี่ยนชีวิต Project Manager ใน 3 เดือน! 💪 เรียนฟรีกับ Microsoft ตั้งแต่พื้นฐานจนเชี่ยวชาญ พร้อมสร้าง Portfolio สมัครงาน (วาปในเม้น👇),
6,มาแล้ว! 📈 คอร์สพลิกโฉมการจัดการโปรเจกต์ด้วย Microsoft เน้นทำ Project จริง พร้อมเทคนิคการบริหารแบบ Pro (วาปในเม้น👇) ⬇️,
7,โอกาสดีๆ สำหรับ Project Manager! 🎯 เรียนฟรีคอร์ส Project Management อัพเดทล่าสุด 2025 พร้อมเทคนิคการทำงานยุคใหม่ (วาปในเม้น👇),
8,ยกระดับการจัดการโปรเจกต์ด้วย Microsoft! 🚀 เรียนฟรี ตั้งแต่พื้นฐานจนถึงการสร้างแผนงานและควบคุมโปรเจกต์แบบมืออาชีพ (วาปในเม้น👇),
9,ห้ามพลาด! 💻 คอร์ส Project Management จาก Microsoft เรียนจบแล้วใช้งานได้จริง พร้อมเทคนิคการทำงานยุคใหม่ (วาปในเม้น👇),
10,เก่ง Project Management ใน 3 เดือน! 🎓 Microsoft สอนฟรี ตั้งแต่พื้นฐานถึงระดับ Pro พร้อมสร้างโปรเจกต์สำเร็จแบบมืออาชีพ (วาปในเม้น👇) ⬇️,
,,
,,
อันที่ 22,,https://www.coursera.org/specializations/microsoft-power-platform-fundamentals
1,🔥 มาอัพสกิลสร้างแอปฯ และ Automation กัน! คอร์ส Microsoft Power Platform Fundamentals เรียนฟรีบน Coursera ตั้งแต่พื้นฐานจนสร้างระบบอัตโนมัติใช้งานได้จริง เรียนจบมี Certificate พร้อมอัปสกิลปัง! (วาปในเม้น👇) ⬇️,
2,"สาย IT และ Business Analyst ห้ามพลาด! 🚀 เรียนฟรีคอร์สเจาะลึก Power BI, Power Apps, Power Automate ครบทุกเครื่องมือ ช่วยทำงานเร็วขึ้น 10 เท่า (วาปในเม้น👇)",
3,อัพสกิลดิจิทัลแบบจัดเต็ม! 💡 Microsoft สอนใช้ Power Platform ตั้งแต่เริ่มต้น เน้นทำ Project จริง เรียนออนไลน์ได้ทุกที่ ไม่มีพื้นฐานก็เริ่มได้ (วาปในเม้น👇),
4,ทักษะยุคใหม่ที่ทุกองค์กรต้องการ! 🌟 เรียนฟรีคอร์ส Power Platform จาก Microsoft ครบทั้งสร้างแอปฯ รายงานสวยๆ และระบบอัตโนมัติแบบมือโปร (วาปในเม้น👇),
5,เปลี่ยนชีวิตทำงานใน 3 เดือน! 💪 เรียนฟรีกับ Microsoft ตั้งแต่พื้นฐาน Power Platform จนเชี่ยวชาญ พร้อม Certificate สร้าง Portfolio อวดผลงาน (วาปในเม้น👇),
6,มาแล้ว! 📊 คอร์สปั้นนักพัฒนาแอปฯ และ Automation สุดโปร ด้วย Power Platform จาก Microsoft เน้น Workshop จริง ทำได้แม้ไม่มีโค้ดดิ้ง! (วาปในเม้น👇) ⬇️,
7,โอกาสอัปสกิลฟรี! 🎯 เรียนคอร์ส Power Platform Fundamentals อัพเดท 2025 ครบทุกฟีเจอร์ พร้อมใช้ AI ช่วยออกแบบระบบ (วาปในเม้น👇),
8,ยกระดับธุรกิจด้วย Low-Code! 🚀 Microsoft สอนฟรี ตั้งแต่สร้าง Dashboard สวยๆ ด้วย Power BI จนถึง Automate งาน Routine (วาปในเม้น👇),
9,ห้ามพลาดโดยเฉพาะคนอยากเปลี่ยนสาย! 💻 เรียนจบแล้วใช้งานได้จริง รับรองผลด้วย Certificate จาก Microsoft พร้อมเทคนิคสมัครงาน (วาปในเม้น👇),
10,เก่ง Power Platform ใน 3 เดือน! 🎓 เรียนฟรีกับ Microsoft ครบทุกเครื่องมือ เรียนจบมีงานทำ แถมสร้างระบบอัจฉริยะได้ด้วยตัวเอง! (วาปในเม้น👇) ⬇️,
,,
,,
อันที่ 23,,https://www.coursera.org/professional-certificates/microsoft-business-analyst
1,🔥 มาอัพสกิลวิเคราะห์ธุรกิจกัน! คอร์ส Microsoft Business Analyst เรียนฟรีบน Coursera ตั้งแต่พื้นฐานจนวิเคราะห์ข้อมูลจริง เรียนจบมี Certificate พร้อมยื่นสมัครงานปัง! (วาปในเม้น👇) ⬇️,
2,สาย Data และ Business Analyst ห้ามพลาด! 🚀 เรียนฟรีคอร์สเจาะลึกการเก็บ Requirement วิเคราะห์ข้อมูล และสร้าง Dashboard สวยๆ ด้วย Power BI แบบมืออาชีพ (วาปในเม้น👇),
3,"อัพสกิลยุคดิจิทัล! 💡 Microsoft สอนใช้เครื่องมือวิเคราะห์ธุรกิจครบวงจร ตั้งแต่ Excel, SQL จนถึง Visualize ข้อมูลชัดเจน เรียนออนไลน์สะดวกสุด! (วาปในเม้น👇)",
4,ทักษะที่องค์กรไลน์ตามจอง! 🌟 เรียนฟรีคอร์ส Business Analyst จาก Microsoft เน้น Workshop จริง พร้อมเทคนิคตัดสินใจธุรกิจแบบ Data-Driven (วาปในเม้น👇),
5,เปลี่ยนสายงานใน 3 เดือน! 💪 เรียนฟรีกับ Microsoft ตั้งแต่พื้นฐานจนสร้าง Report เป๊ะ พร้อม Portfolio อวดฝีมือเวลาสมัครงาน (วาปในเม้น👇),
6,"มาแล้ว! 📈 คอร์สปั้นนักวิเคราะห์ธุรกิจมือโปร สอนโดย Microsoft ครบทั้ง Data Modeling, Process Flow และการสื่อสารกับ Stakeholder (วาปในเม้น👇) ⬇️",
7,โอกาสอัปสกิลฟรี! 🎯 เรียนคอร์ส Business Analyst อัพเดท 2025 เน้นใช้ AI ช่วยวิเคราะห์ข้อมูล พร้อม Certificate จาก Microsoft (วาปในเม้น👇),
8,ยกระดับธุรกิจด้วยข้อมูล! 🚀 เรียนฟรี ตั้งแต่รวบรวมข้อมูล สร้าง Dashboard สุดล้ำ จนถึงเสนอ Solution ปั้นธุรกิจเติบโต (วาปในเม้น👇),
9,ห้ามพลาดถ้าอยากเป็นที่ต้องการของตลาด! 💼 เรียนจบรับรองงานทำ มีเทคนิคปรับ Resume และฝึกสัมภาษณ์งานแบบจัดเต็ม (วาปในเม้น👇),
10,เก่ง Business Analysis ใน 3 เดือน! 🎓 Microsoft สอนฟรี ตั้งแต่ Zero จนเป็น Pro เรียนจบมีเครดิตเสริมสายงานแบบไม่ง้อประสบการณ์! (วาปในเม้น👇) ⬇️,
,,
,,
อันที่ 24,,https://www.coursera.org/professional-certificates/microsoft-cloud-support-associate
1,"🔥 มาแรง! คอร์ส Microsoft Cloud Support Associate เรียนฟรี! ตั้งแต่พื้นฐานระบบคลาวด์จนถึงระดับมืออาชีพ จบใน 4 เดือน มีผู้เรียนแล้วกว่า 8,000+ คน (วาปในเม้น👇) ⬇️",
2,สายไอทีห้ามพลาด! ☁️ คอร์ส Cloud Support จาก Microsoft ฟรี! เจาะลึกการจัดการระบบคลาวด์แบบครบวงจร พร้อมใช้งาน Microsoft Azure จริง (วาปในเม้น👇),
3,อัพสกิลปัง! 💡 เรียน Cloud Support แบบ Pro กับ Microsoft หลักสูตรออนไลน์ 6 ชม./สัปดาห์ รับ Certificate พร้อมสมัครงานทันที (วาปในเม้น👇),
4,"ทักษะคลาวด์ต้องมี! 🚀 เรียนฟรี Microsoft Cloud Support ครบทั้ง Azure, Troubleshooting, Security และระบบเครือข่าย งานไวขั้นเทพ! (วาปในเม้น👇)",
5,เปลี่ยนสายงานใน 4 เดือน! 💪 Microsoft สอนคลาวด์ตั้งแต่ศูนย์ สร้าง Portfolio จริง พร้อมเทคนิคสัมภาษณ์งานด้านไอที (วาปในเม้น👇),
6,มาแล้ว! 🌩️ คอร์ส Cloud Support Associate จาก Microsoft เน้น Workshop จริง แก้ปัญหาได้แบบมืออาชีพ (วาปในเม้น👇) ⬇️,
7,โอกาสทอง! 🌟 Microsoft แจกฟรีคอร์ส Cloud Support อัพเดท 2025 พร้อมเนื้อหา Hybrid Cloud และ AI Integration (วาปในเม้น👇),
8,"ยกระดับรายได้! 💼 เรียนฟรี Cloud Support กับ Microsoft สร้างอาชีพในสาย DevOps, Cloud Engineer ได้เลย! (วาปในเม้น👇)",
9,ห้ามพลาดเด็ดขาด! 🔧 คอร์สนี้จบมีงานทำ! เรียนจบรับรองโดย Microsoft พร้อมปรับ Resume ดันเงินเดือน (วาปในเม้น👇),
10,เก่งคลาวด์แบบเร่งรัด! 🎓 Microsoft สอนฟรี 4 เดือนจบ ทำงานได้จริง แม้ไม่มีพื้นฐาน! (วาปในเม้น👇) ⬇️,
,,
,,
อันที่ 25,,
1,🔥 มาอัพสกิลซัพพอร์ต IT กัน! คอร์ส Microsoft IT Support Specialist เรียนฟรีบน Coursera ตั้งแต่พื้นฐานจนแก้ไขปัญหาได้จริง เรียนจบมี Certificate พร้อมยื่นสมัครงานไอทีปัง! (วาปในเม้น👇) ⬇️,https://www.coursera.org/professional-certificates/microsoft-it-support-specialist
2,สายไอทีห้ามพลาด! 🖥️ เรียนฟรีคอร์สเจาะลึกการ Troubleshoot ระบบ ตั้งค่าเครือข่าย และจัดการความปลอดภัยไซเบอร์แบบมืออาชีพ (วาปในเม้น👇),
3,"อัพสกิลเทคนิคขั้นเทพ! 🔧 Microsoft สอนใช้เครื่องมือซัพพอร์ต IT ครบวงจร ตั้งแต่ Windows, Azure ถึงการสื่อสารกับผู้ใช้ เรียนออนไลน์ได้ทุกที่! (วาปในเม้น👇)",
4,ทักษะขาดแคลนในตลาด! 🌟 เรียนฟรีคอร์ส IT Support จาก Microsoft เน้น Workshop จริง พร้อมเทคนิคแก้ปัญหาแบบเร่งด่วน (วาปในเม้น👇),
5,เปลี่ยนชีวิตเป็นนักซัพพอร์ตไอทีใน 3 เดือน! 💪 เรียนฟรีกับ Microsoft ตั้งแต่พื้นฐานจนเชี่ยวชาญ พร้อม Portfolio อวดสกิลเวลาเข้าทำงาน (วาปในเม้น👇),
6,"มาแล้ว! 🛠️ คอร์สปั้นนักซัพพอร์ตมือโปร สอนโดย Microsoft ครบทั้ง Hardware, Software และ Cloud พร้อม Simulate สถานการณ์จริง! (วาปในเม้น👇) ⬇️",
7,โอกาสอัปสกิลฟรี! 🎯 เรียนคอร์ส IT Support Specialist อัพเดท 2025 เน้นใช้ AI ช่วยวิเคราะห์ปัญหา พร้อม Certificate จาก Microsoft (วาปในเม้น👇),
8,ยกระดับการแก้ปัญหา IT แบบจัดเต็ม! 🚀 เรียนฟรี ตั้งแต่ตั้งค่า Device จนถึงปกป้องระบบจากภัยไซเบอร์ (วาปในเม้น👇),
9,ห้ามพลาดถ้าอยากทำงานไอทีระดับองค์กร! 💼 เรียนจบรับรองงานทำ มีเทคนิคปรับ Resume และฝึกสัมภาษณ์งานสายซัพพอร์ต (วาปในเม้น👇),
10,เก่ง IT Support ใน 3 เดือน! 🎓 Microsoft สอนฟรี ตั้งแต่ Zero จนเป็น Pro เรียนจบมีสกิลปั้นอาชีพในวงการไอที! (วาปในเม้น👇) ⬇️,
,,
,,
อันที่ 26,,
1,"🔥 มาแรง! คอร์ส Power BI Data Analyst จาก Microsoft เรียนฟรี! ตั้งแต่พื้นฐานวิเคราะห์ข้อมูลถึงระดับมืออาชีพ จบใน 4 เดือน มีผู้เรียนแล้วกว่า 6,000+ คน (วาปในเม้น👇) ⬇️",https://www.coursera.org/professional-certificates/microsoft-power-bi-data-analyst
2,"สาย数据分析ห้ามพลาด! 📊 คอร์ส Power BI ฟรีจาก Microsoft เจาะลึก DAX, Data Visualization และสร้าง Dashboard สุดปัง (วาปในเม้น👇)",
3,อัพสกิลเด็ด! 💡 เรียน Power BI แบบ Pro กับ Microsoft หลักสูตรออนไลน์ 6 ชม./สัปดาห์ รับ Certificate พร้อมสมัครงานสาย Data ทันที (วาปในเม้น👇),
4,"ทักษะ Data 2025 ต้องมี! 🚀 เรียนฟรี Power BI ครบทั้ง Data Modeling, Report Design และ Advanced Analytics งานวิเคราะห์ไวขั้นเทพ! (วาปในเม้น👇)",
5,เปลี่ยนชีวิตใน 4 เดือน! 💪 Microsoft สอน Power BI ตั้งแต่ศูนย์ สร้าง Portfolio วิเคราะห์ข้อมูลจริง พร้อมเทคนิคสัมภาษณ์งาน (วาปในเม้น👇),
6,มาแล้ว! 📈 คอร์ส Power BI Data Analyst จาก Microsoft เน้น Workshop จริง ใช้ข้อมูลจริง แก้โจทย์ธุรกิจแบบมืออาชีพ (วาปในเม้น👇) ⬇️,
7,โอกาสอัปสกิลฟรี! 🌟 Microsoft ปล่อยคอร์ส Power BI อัปเดท 2025 พร้อม Integration AI และ Excel (วาปในเม้น👇),
8,"ยกระดับเงินเดือน! 💼 เรียนจบมีงานทำ! สร้างอาชีพ Data Analyst, BI Developer ได้ด้วย Certificate จาก Microsoft (วาปในเม้น👇)",
9,ห้ามมองข้าม! 🔍 คอร์สนี้จบครบ! ตั้งแต่เตรียมข้อมูล สร้าง Report สวย จนถึง Present ผลงานแบบ Pro (วาปในเม้น👇),
10,เก่ง Data Analysis แบบเร่งรัด! 🎓 Microsoft สอนฟรี 4 เดือนจบ ทำงานได้จริง แม้ไม่มีพื้นฐาน! (วาปในเม้น👇) ⬇️,
,,
,,
อันที่ 27,,https://www.coursera.org/professional-certificates/microsoft-azure-security-engineer-associate
1,🔥 มาปั้มสกิลความปลอดภัยบนคลาวด์! คอร์ส Microsoft Azure Security Engineer Associate เรียนฟรีบน Coursera ตั้งแต่พื้นฐานจนป้องกันระบบบน Azure ได้จริง เรียนจบมี Certificate พร้อมสอบรับรองสายตรงจาก Microsoft! (วาปในเม้น👇) ⬇️,
2,สาย Security Engineer ห้ามพลาด! 🔒 เรียนฟรีคอร์สเจาะลึกการตั้งค่า Firewall ตรวจสอบภัยคุกคาม และปกป้องข้อมูลบน Azure แบบมืออาชีพ (วาปในเม้น👇),
3,"อัพสกิล Security ขั้นเทพ! 🛡️ Microsoft สอนใช้เครื่องมือล่าสุดใน Azure ครบทั้ง Identity Management, Encryption และ Compliance เรียนออนไลน์ได้ทุกที่! (วาปในเม้น👇)",
4,ทักษะฮ็อตที่ทุกองค์กรคลาวด์ต้องการ! 🌟 เรียนฟรีคอร์ส Azure Security เน้น Workshop จริง ป้องกันการโจมตีไซเบอร์แบบจัดเต็ม (วาปในเม้น👇),
5,เปลี่ยนชีวิตเป็น Security Engineer ระดับ Associate ใน 3 เดือน! 💪 เรียนฟรีกับ Microsoft ตั้งแต่พื้นฐานจนเชี่ยวชาญ พร้อม Portfolio อัดแน่นผลงานจริง (วาปในเม้น👇),
6,"มาแล้ว! ☁️ คอร์สปั้นนักรักษาความปลอดภัยระบบคลาวด์ สอนโดย Microsoft ครบทั้ง Threat Detection, Security Policy และการตอบสนองเหตุฉุกเฉิน (วาปในเม้น👇) ⬇️",
7,โอกาสอัปสกิลฟรีพร้อม Certificate! 🎯 เรียนคอร์ส Azure Security Engineer อัพเดท 2025 เน้นใช้ AI ตรวจจับภัยคุกคามแบบ Real-Time (วาปในเม้น👇),
8,ยกระดับการปกป้องข้อมูลบนคลาวด์! 🚀 เรียนฟรี ตั้งแต่ Secure Configuration จนถึงออกแบบระบบ Security แบบ End-to-End (วาปในเม้น👇),
9,ห้ามพลาดถ้าอยากเป็นที่ต้องการในตลาดคลาวด์! 💼 เรียนจบพร้อมสอบรับรองมีสกิลตรงตามข้อกำหนดองค์กรระดับโลก (วาปในเม้น👇),
10,เก่ง Azure Security ใน 3 เดือน! 🎓 Microsoft สอนฟรี ตั้งแต่ Zero จนผ่านการรับรอง Associate เรียนจบมีงานรอ! (วาปในเม้น👇) ⬇️,
,,
,,
อันที่ 28,,https://www.coursera.org/professional-certificates/microsoft-cybersecurity-analyst
1,"🔥 มาแรง! คอร์ส Cybersecurity Analyst จาก Microsoft เรียนฟรี! ตั้งแต่พื้นฐานความปลอดภัยไซเบอร์ถึงระดับมืออาชีพ จบใน 4 เดือน มีผู้เรียนแล้วกว่า 5,000+ คน (วาปในเม้น👇) ⬇️",
2,"สายไอทีห้ามพลาด! 🔒 คอร์ส Cybersecurity ฟรีจาก Microsoft เจาะลึก Threat Detection, SOC และ Ethical Hacking แบบมือโปร (วาปในเม้น👇)",
3,อัพสกิลปัง! 💻 เรียน Cybersecurity แบบเร่งรัดกับ Microsoft หลักสูตรออนไลน์ 6 ชม./สัปดาห์ รับ Certificate พร้อมสมัครงานสาย Security ทันที (วาปในเม้น👇),
4,"ทักษะยุคดิจิทัลต้องมี! 🛡️ เรียนฟรี Cybersecurity ครบทั้ง Network Security, Incident Response และ Risk Management งานปลอดภัยขั้นเทพ! (วาปในเม้น👇)",
5,เปลี่ยนชีวิตใน 4 เดือน! 💪 Microsoft สอน Cybersecurity ตั้งแต่ศูนย์ สร้าง Portfolio จริง พร้อมเทคนิคป้องกันระบบแบบมืออาชีพ (วาปในเม้น👇),
6,มาแล้ว! 🌐 คอร์ส Cybersecurity Analyst จาก Microsoft เน้น Workshop จริง จำลองสถานการณ์โจมตีไซเบอร์แบบ Real-World (วาปในเม้น👇) ⬇️,
7,โอกาสสุด限量! 🌟 Microsoft ปล่อยคอร์ส Cybersecurity อัปเดท 2025 พร้อมเนื้อหา Cloud Security และ AI Defense (วาปในเม้น👇),
8,"ยกระดับความปลอดภัย! 🚨 เรียนจบมีงานทำ! สร้างอาชีพ Cybersecurity Analyst, SOC Engineer ได้ด้วย Certificate จาก Microsoft (วาปในเม้น👇)",
9,ห้ามละเลย! ⚠️ คอร์สนี้ครบทุกสกิล! ตั้งแต่วิเคราะห์มัลแวร์ ปกป้องข้อมูล จนถึงเขียนรายงานความเสี่ยงแบบมือเอก (วาปในเม้น👇),
10,เก่ง Cybersecurity แบบไม่ต้องมีพื้นฐาน! 🎓 Microsoft สอนฟรี 4 เดือนจบ ทำงานได้จริง รับมือภัยคุกคามได้ชัวร์! (วาปในเม้น👇) ⬇️,
,,
,,
อันที่ 29,,https://www.coursera.org/specializations/microsoft-365-fundamentals
1,🔥 มาอัพสกิลใช้ Microsoft 365 กัน! คอร์ส Microsoft 365 Fundamentals เรียนฟรีบน Coursera ตั้งแต่พื้นฐานจนใช้งานคล่อง เรียนจบมี Certificate พร้อมทำงานออฟฟิศยุคใหม่! (วาปในเม้น👇) ⬇️,
2,"สายออฟฟิศและ IT ห้ามพลาด! 💼 เรียนฟรีคอร์สเจาะลึกเครื่องมือ Microsoft 365 ครบทุกฟีเจอร์ ทั้ง Teams, SharePoint และบริหารระบบแบบมืออาชีพ (วาปในเม้น👇)",
3,อัพสกิลดิจิทัลขั้นพื้นฐาน! 🖥️ Microsoft สอนใช้ 365 ตั้งแต่เริ่มต้น เน้นทำงานร่วมกันแบบ Real-Time เรียนออนไลน์สะดวกทุกที่ (วาปในเม้น👇),
4,ทักษะที่ทุกงานออฟฟิศต้องมี! 🌟 เรียนฟรีคอร์ส Microsoft 365 Fundamentals เน้นใช้งานจริง จัดการเอกสาร แชร์ข้อมูล และประชุมออนไลน์แบบโปร (วาปในเม้น👇),
5,เปลี่ยนชีวิตทำงานใน 3 เดือน! 💪 เรียนฟรีกับ Microsoft ตั้งแต่พื้นฐานจนเชี่ยวชาญ พร้อม Certificate สร้างความน่าเชื่อถือในองค์กร (วาปในเม้น👇),
6,มาแล้ว! 📊 คอร์สปั้นผู้เชี่ยวชาญ Microsoft 365 สอนโดยตรงจาก Microsoft ครบทั้งการตั้งค่า Cloud Storage และบริหารระบบเบื้องต้น (วาปในเม้น👇) ⬇️,
7,โอกาสอัปสกิลฟรี! 🎯 เรียนคอร์ส Microsoft 365 อัพเดท 2025 รู้ลึกทุกฟีเจอร์ พร้อมเทคนิคเพิ่ม Productivity งานกระฉับ! (วาปในเม้น👇),
8,ยกระดับการทำงานด้วยคลาวด์! ☁️ Microsoft สอนฟรี ตั้งแต่ใช้งานแอปฯ ใน 365 จนถึงการจัดการสิทธิ์ผู้ใช้แบบปลอดภัย (วาปในเม้น👇),
9,ห้ามพลาดถ้าอยากก้าวสู่สาย IT Admin! 🔧 เรียนจบแล้วใช้งานได้จริง พร้อมเทคนิคปรับ Resume ให้โดดเด่น (วาปในเม้น👇),
10,เก่ง Microsoft 365 ใน 3 เดือน! 🎓 เรียนฟรีกับ Microsoft ตั้งแต่ Zero จนทำงานร่วมทีมแบบมืออาชีพ เรียนจบมีสกิลปัง! (วาปในเม้น👇) ⬇️,
,,
,,
อันที่ 30,,https://www.coursera.org/professional-certificates/azure-data-scientist
1,"🔥 มาแรง! คอร์ส Azure Data Scientist จาก Microsoft เรียนฟรี! ตั้งแต่พื้นฐาน Data Science ถึงระดับมืออาชีพ จบใน 5 เดือน มีผู้เรียนแล้วกว่า 6,500+ คน (วาปในเม้น👇) ⬇️",
2,"สาย Data ห้ามพลาด! 📊 คอร์สเจาะลึก Machine Learning, AI บน Azure เรียนฟรี! พร้อม Workshop ใช้ข้อมูลจริง (วาปในเม้น👇)",
3,อัพสกิลปัง! 💡 เรียน Data Science แบบ Pro กับ Microsoft หลักสูตรออนไลน์ 8 ชม./สัปดาห์ รับ Certificate สายงานไฮเทค (วาปในเม้น👇),
4,"ทักษะ Data 2025 ต้องมี! 🚀 เรียนฟรีครบทั้ง Data Modeling, AI Deployment และสร้าง Pipeline บน Azure งานไวขั้นเทพ! (วาปในเม้น👇)",
5,เปลี่ยนชีวิตใน 5 เดือน! 💪 Microsoft สอน Data Science ตั้งแต่ศูนย์ สร้าง Portfolio จริง พร้อมเทคนิคสมัครงานบริษัทระดับโลก (วาปในเม้น👇),
6,มาแล้ว! 📈 คอร์ส Azure Data Scientist เน้นลงมือทำจริง ฝึกสร้างโมเดล Machine Learning แบบมืออาชีพ (วาปในเม้น👇) ⬇️,
7,โอกาสอัปสกิลฟรี! 🌟 Microsoft ปล่อยคอร์สอัปเดท 2025 พร้อมเนื้อหา MLOps และ Generative AI บน Cloud (วาปในเม้น👇),
8,"ยกระดับเงินเดือน! 💼 เรียนจบมีงานทำ! สร้างอาชีพ Data Scientist, AI Engineer ได้ด้วย Certificate จาก Microsoft (วาปในเม้น👇)",
9,ห้ามมองข้าม! 🔍 คอร์สนี้ครบทุกสกิล! ตั้งแต่เตรียมข้อมูล เทรนโมเดล ไปจนถึง Deploy AI บน Cloud แบบเซียน (วาปในเม้น👇),
10,เก่ง Data Science แบบเร่งรัด! 🎓 Microsoft สอนฟรี 5 เดือนจบ ทำงานได้จริง แม้ไม่มีพื้นฐาน! (วาปในเม้น👇) ⬇️,
,,
,,
อันที่ 31,,https://www.coursera.org/professional-certificates/azure-developer-associate
1,🔥 มาปั้นสกิลพัฒนา Cloud กัน! คอร์ส Azure Developer Associate เรียนฟรีบน Coursera ตั้งแต่พื้นฐานจนสร้างแอปฯ บน Azure ได้จริง เรียนจบมี Certificate พร้อมสอบรับรองสายตรงจาก Microsoft! (วาปในเม้น👇) ⬇️,
2,"สาย Developer ห้ามพลาด! 💻 เรียนฟรีคอร์สเจาะลึกการพัฒนาแอปฯ บนคลาวด์ ใช้ DevOps, CI/CD และบริการล่าสุดใน Azure แบบมืออาชีพ (วาปในเม้น👇)",
3,อัพสกิล Cloud ขั้นเทพ! ☁️ Microsoft สอนเขียนโค้ด ออกแบบระบบ และปรับแอปฯ ให้ Scalable เรียนออนไลน์ได้ทุกที่ พร้อม Workshop จริง! (วาปในเม้น👇),
4,"ทักษะที่ตลาดคลาวด์ต้องการสูง! 🌟 เรียนฟรีคอร์ส Azure Developer เน้นใช้งานจริง ครบทั้ง Container, Serverless และประมวลผลแบบ Distributed (วาปในเม้น👇)",
5,เปลี่ยนชีวิตเป็น Developer ระดับ Associate ใน 3 เดือน! 💪 เรียนฟรีกับ Microsoft ตั้งแต่พื้นฐานจนเชี่ยวชาญ พร้อม Portfolio อัดแน่นผลงานบนคลาวด์ (วาปในเม้น👇),
6,มาแล้ว! 🚀 คอร์สปั้นนักพัฒนาแอปฯ คลาวด์มือโปร สอนโดย Microsoft ครบทุกสเตปตั้งแต่ Coding จน Deploy ระบบเสถียร (วาปในเม้น👇) ⬇️,
7,โอกาสอัปสกิลฟรีพร้อม Certificate! 🎯 เรียนคอร์ส Azure Developer อัพเดท 2025 เน้นใช้ AI ช่วย Optimize Performance แอปฯ (วาปในเม้น👇),
8,ยกระดับการพัฒนาแอปฯ สุดล้ำ! 🔧 Microsoft สอนฟรี ตั้งแต่สร้าง API บน Azure จนถึง Integrate ระบบด้วย Cloud Native Tools (วาปในเม้น👇),
9,ห้ามพลาดถ้าอยากก้าวเป็นที่ต้องการในตลาดคลาวด์! 💼 เรียนจบพร้อมสอบรับรองมีสกิลตรงตามสายงาน Developer ระดับองค์กร (วาปในเม้น👇),
10,เก่ง Azure Development ใน 3 เดือน! 🎓 Microsoft สอนฟรี ตั้งแต่ Zero จนผ่านการรับรอง Associate เรียนจบมีงานรอ! (วาปในเม้น👇) ⬇️,
,,
,,
อันที่ 32,,https://www.coursera.org/specializations/microsoft-azure-ai-900-ai-fundamentals
1,"🔥 มาแรง! คอร์ส Azure AI Fundamentals (AI-900) จาก Microsoft เรียนฟรี! ตั้งแต่พื้นฐาน AI จนสอบผ่าน认证 จบใน 2 เดือน มีผู้เรียนแล้วกว่า 10,000+ คน (วาปในเม้น👇) ⬇️",
2,"สาย AI ห้ามพลาด! 🤖 คอร์สปูพื้นฐาน AI บน Azure ฟรี! รู้จัก Machine Learning, Computer Vision, NLP แบบเข้าใจง่าย (วาปในเม้น👇)",
3,อัพสกิลด่วน! 💡 เรียน AI ระดับเริ่มต้นกับ Microsoft หลักสูตรออนไลน์ 5 ชม./สัปดาห์ รับ Certificate พร้อมลุยสอบ AI-900 (วาปในเม้น👇),
4,"พื้นฐานต้องมีก่อนขึ้นคลาวด์! ☁️ เรียนฟรี Azure AI ครบทั้ง Cognitive Services, Bot Service รู้ทันเทคโนโลยี AI 2025 (วาปในเม้น👇)",
5,เริ่มต้นสาย AI ง่ายๆ! 🚀 Microsoft สอนตั้งแต่ศูนย์ รู้จักการใช้ AI อย่างมีจริยธรรม พร้อมตัวอย่างจริง (วาปในเม้น👇),
6,มาแล้ว! 📘 คอร์ส AI Fundamentals เน้นเข้าใจคอนเซปต์ ไม่ต้องเขียนโค้ด! เรียนจบทำข้อสอบ Microsoft Certified ได้เลย (วาปในเม้น👇) ⬇️,
7,โอกาสทองสำหรับมือใหม่! 🌟 เรียนฟรี AI Basics จาก Microsoft อัปเดทล่าสุด 2025 พร้อมแบบทดสอบเสริมความเข้าใจ (วาปในเม้น👇),
8,"ปูทางสู่อาชีพ AI! 💼 เก็บ Certificate นี้เป็นใบเบิกทาง สมัครงาน Cloud Engineer, AI Specialist ได้ทันที (วาปในเม้น👇)",
9,ห้ามคิดว่าไกลตัว! 🧠 AI คือทักษะยุคใหม่! คอร์สนี้สอนครบทั้งทฤษฎี + การประยุกต์ใช้จริงในธุรกิจ (วาปในเม้น👇),
10,เก่ง AI แบบไม่ต้องมีพื้นฐาน! 🎓 เรียนฟรี 2 เดือนจบ มั่นใจสอบผ่าน พร้อมอัปสกิลรับยุคดิจิทัล (วาปในเม้น👇) ⬇️,
,,
,,
อันที่ 33,,https://www.coursera.org/specializations/microsoft-azure-dp-900-data-fundamentals
1,🔥 มาปูพื้นฐานข้อมูลบนคลาวด์กัน! คอร์ส Microsoft Azure Data Fundamentals (DP-900) เรียนฟรีบน Coursera ตั้งแต่พื้นฐานจนใช้งานจริง เรียนจบมี Certificate พร้อมสอบรับรองจาก Microsoft! (วาปในเม้น👇) ⬇️,
2,สาย Data Engineer และ Analyst ห้ามพลาด! 📊 เรียนฟรีคอร์สเจาะลึกแนวคิดข้อมูล ฐานข้อมูล SQL/NoSQL และวิเคราะห์ข้อมูลบน Azure แบบมืออาชีพ (วาปในเม้น👇),
3,"อัพสกิล Data ขั้นพื้นฐาน! 📚 Microsoft สอนใช้ Azure SQL, Cosmos DB และบริการข้อมูลอื่นๆ เรียนออนไลน์ได้ทุกที่ ไม่ต้องมีพื้นฐานมาก่อน! (วาปในเม้น👇)",
4,ทักษะจำเป็นในยุค Data-Driven! 🌟 เรียนฟรีคอร์ส Data Fundamentals เน้นเข้าใจโครงสร้างข้อมูล การประมวลผล และ Visualization บนคลาวด์ (วาปในเม้น👇),
5,เปลี่ยนชีวิตในวงการข้อมูลใน 3 เดือน! 💪 เรียนฟรีกับ Microsoft ตั้งแต่เริ่มต้นจนเชี่ยวชาญ พร้อม Certificate สร้างความน่าเชื่อถือให้โปรไฟล์ (วาปในเม้น👇),
6,"มาแล้ว! 🗃️ คอร์สปั้นนักจัดการข้อมูลมือใหม่ สอนโดย Microsoft ครบทั้ง Relational Data, Non-Relational Data และการทำงานกับ Analytics Tools (วาปในเม้น👇) ⬇️",
7,โอกาสอัปสกิลฟรีพร้อมสอบรับรอง! 🎯 เรียนคอร์ส DP-900 อัพเดท 2025 เน้นทำ Lab จริง พร้อมแนวข้อสอบสายตรงจาก Microsoft (วาปในเม้น👇),
8,ยกระดับความเข้าใจข้อมูลแบบจัดเต็ม! 📈 เรียนฟรี ตั้งแต่พื้นฐาน Data Modeling จนถึงใช้ Azure Services ประมวลผลข้อมูลขนาดใหญ่ (วาปในเม้น👇),
9,ห้ามพลาดถ้าอยากก้าวสู่สาย Data! 💼 เรียนจบพร้อมสอบ Cert ได้ทันที แถมมีเทคนิคปรับ Resume ให้โดนใจ HR (วาปในเม้น👇),
10,เก่ง Data Fundamentals ใน 3 เดือน! 🎓 Microsoft สอนฟรี ตั้งแต่ Zero จนผ่านการรับรอง เรียนจบมีสกิลปั้นอาชีพในสายคลาวด์! (วาปในเม้น👇) ⬇️,
,,
,,
อันที่ 34,,https://www.coursera.org/specializations/microsoft-azure-fundamentals-az-900
1,"🔥 มาแรง! คอร์ส Azure Fundamentals (AZ-900) จาก Microsoft เรียนฟรี! ตั้งแต่พื้นฐานคลาวด์จนสอบผ่าน认证 จบใน 2 เดือน มีผู้เรียนแล้วกว่า 15,000+ คน (วาปในเม้น👇) ⬇️",
2,"สายไอทีคลาวด์ห้ามพลาด! ☁️ คอร์สปูพื้นฐาน Azure ฟรี! รู้จัก Cloud Computing, Storage, Networking แบบเข้าใจง่ายใน 2 เดือน (วาปในเม้น👇)",
3,อัพสกิลเร่งรัด! 💡 เรียน Azure ระดับเริ่มต้นกับ Microsoft หลักสูตรออนไลน์ 5 ชม./สัปดาห์ รับ Certificate พร้อมลุยสอบ AZ-900 (วาปในเม้น👇),
4,"พื้นฐานคลาวด์ต้องมี! 🚀 เรียนฟรีครบทั้ง Virtual Machines, Databases, Security บน Azure เริ่มต้นทำงานกับคลาวด์ได้ทันที (วาปในเม้น👇)",
5,เปลี่ยนชีวิตใน 2 เดือน! 💪 Microsoft สอนตั้งแต่ศูนย์ รู้จักบริการ Azure ทุกฟีเจอร์ พร้อมตัวอย่างใช้งานจริง (วาปในเม้น👇),
6,มาแล้ว! 📘 คอร์ส AZ-900 เน้นเข้าใจคอนเซปต์คลาวด์แบบไม่ต้องมีประสบการณ์ เรียนจบทำข้อสอบ Microsoft Certified ได้เลย (วาปในเม้น👇) ⬇️,
7,โอกาสทองสำหรับมือใหม่! 🌟 เรียนฟรี Azure Basics จาก Microsoft อัปเดทล่าสุด 2025 พร้อมแบบฝึกหัดจำลองข้อสอบ (วาปในเม้น👇),
8,"ปูทางสู่อาชีพคลาวด์! 💼 เก็บ Certificate สร้างโอกาสสมัครงาน Cloud Administrator, Solutions Architect ได้แบบมั่นใจ (วาปในเม้น👇)",
9,ห้ามคิดว่ายาก! 🧠 คอร์สนี้สอนครบทั้งทฤษฎี + ฝึกใช้งาน Portal จริง รู้ลึก Pricing Model และบริการ Azure (วาปในเม้น👇),
10,เก่ง Azure แบบเร่งด่วน! 🎓 เรียนฟรี 2 เดือนจบ สอบผ่านชัวร์ พร้อมอัปสกิลรับมือเทคโนโลยียุคใหม่ (วาปในเม้น👇) ⬇️,
,,
,,
อันที่ 35,,https://grow.google/certificates/digital-marketing-ecommerce/
1,🔥 มาอัปสกิลการตลาดดิจิทัลและอีคอมเมิร์ซกัน! คอร์ส Digital Marketing & E-commerce Certificate จาก Google เรียนฟรีบน Grow with Google ตั้งแต่พื้นฐานจนทำงานได้จริง เรียนจบมีใบรับรอง พร้อมสมัครงานสายนี้ได้เลย! (วาปในเม้น👇) ⬇️,
2,"นักการตลาดและคนรักอีคอมเมิร์ซห้ามพลาด! 📱 เรียนฟรีคอร์สเจาะลึก SEO, โซเชียลมีเดีย, วิเคราะห์ข้อมูล และสร้างร้านค้าออนไลน์ปังๆ แบบมืออาชีพ (วาปในเม้น👇)",
3,"อัปสกิลยุคดิจิทัลแบบจัดเต็ม! 💻 Google สอนใช้เครื่องมือจริง เช่น Google Analytics, Ads, Shopify เน้น Workshop จริง เรียนจบทำโปรเจกต์ได้ทันที (วาปในเม้น👇)",
4,ทักษะขาดแคลนที่บริษัทยักษ์ต้องการ! 🌟 เรียนฟรีคอร์สจาก Google ครบทั้งวางแผนแคมเปญ ติดตามผล และเพิ่มยอดขายออนไลน์แบบ Data-Driven (วาปในเม้น👇),
5,เปลี่ยนสายงานใน 3 เดือน! 💼 เรียนฟรี ตั้งแต่พื้นฐานจนเชี่ยวชาญ พร้อม Portfolio อวดผลงานเวลาเข้าสัมภาษณ์งาน (วาปในเม้น👇),
6,มาแล้ว! 🚀 คอร์สปั้นนักการตลาดดิจิทัลและอีคอมเมิร์ซ สอนโดย Google ครบทุกสกิล ทั้งสร้างคอนเทนต์ ดำเนินแคมเปญ และวัด ROI แบบ Pro (วาปในเม้น👇) ⬇️,
7,"โอกาสเรียนฟรีพร้อมใบรับรอง! 🎯 เรียนคอร์สอัปเดต 2025 รู้ลึกเทรนด์ TikTok Marketing, Email Campaign และ Automation Tools (วาปในเม้น👇)",
8,ยกระดับธุรกิจออนไลน์ให้ปัง! 📈 เรียนฟรี ตั้งแต่สร้างแบรนด์ จนถึง Optimize ค่าโฆษณาและเพิ่ม Conversion Rate (วาปในเม้น👇),
9,ห้ามพลาดถ้าอยากเป็นที่ต้องการของตลาด! 💸 เรียนจบมีทักษะครบ จัดเต็มเทคนิคปรับ Resume และฝึกสัมภาษณ์งานสายดิจิทัล (วาปในเม้น👇),
10,เก่งการตลาดออนไลน์ใน 3 เดือน! 🎓 Google สอนฟรี ตั้งแต่เริ่มต้นจนทำงานได้จริง รับรองมีสกิลต่อยอดอาชีพปัง! (วาปในเม้น👇) ⬇️,
,,
,,
อันที่ 36,,https://grow.google/certificates/it-support/
1,"🔥 มาแรง! คอร์ส Google IT Support Professional Certificate เรียนฟรี! ตั้งแต่พื้นฐานระบบถึงระดับมืออาชีพ จบใน 3-6 เดือน มีผู้เรียนแล้วกว่า 100,000+ คน (วาปในเม้น👇) ⬇️",
2,"สายไอทีห้ามพลาด! 💻 คอร์ส IT Support ฟรีจาก Google เจาะลึกการแก้ไขปัญหา Hardware, Software, Network แบบมืออาชีพ (วาปในเม้น👇)",
3,อัพสกิลปัง! 🛠️ เรียนกับ Google หลักสูตรออนไลน์ 5 ชม./สัปดาห์ รับ Certificate พร้อม Pathway สอบ CompTIA A+ (วาปในเม้น👇),
4,"ทักษะ IT ยุคดิจิทัลต้องมี! 🌐 เรียนฟรีครบทั้ง Cybersecurity, Cloud Basics, Customer Support งานไวกว่าเดิม 10 เท่า! (วาปในเม้น👇)",
5,เปลี่ยนชีวิตใน 6 เดือน! 💪 สอนตั้งแต่ติดตั้งระบบ ปรับตั้ง Network ไปจนถึงจัดการความปลอดภัยไซเบอร์แบบ Pro (วาปในเม้น👇),
6,มาแล้ว! 📡 คอร์ส IT Support จาก Google เน้น Workshop จริง ฝึกแก้ปัญหาแบบ Help Desk เตรียมพร้อมทำงานทันที (วาปในเม้น👇) ⬇️,
7,โอกาสทอง! 🌟 Google เปิดสอนฟรี พร้อมความร่วมมือกับ CompTIA ให้สอบรับรองวิชาชีพในราคาพิเศษ (วาปในเม้น👇),
8,"ยกระดับเงินเดือน! 💼 เรียนจบมีงานทำแน่! สร้างอาชีพ IT Support Specialist, Help Desk Technician ได้เลย (วาปในเม้น👇)",
9,ห้ามกลัวไม่มีพื้นฐาน! 🎯 คอร์สนี้เริ่มจากศูนย์ เรียนง่าย ทำแบบฝึกหัดจริง พร้อม Simulator จำลองระบบ (วาปในเม้น👇),
10,เก่ง IT Support แบบเร่งรัด! 🎓 Google สอนฟรี 3-6 เดือนจบ รับรองโดยบริษัทชั้นนำทั่วโลก (วาปในเม้น👇) ⬇️,
,,
,,
อันที่ 37,,https://grow.google/certificates/data-analytics/
1,🔥 มาอัปสกิลวิเคราะห์ข้อมูลกัน! คอร์ส Data Analytics Certificate จาก Google เรียนฟรีบน Grow with Google ตั้งแต่พื้นฐานจนทำงานได้จริง เรียนจบมีใบรับรอง พร้อมสมัครงานสาย Data ได้เลย! (วาปในเม้น👇) ⬇️,
2,"สาย Data Analyst และคนรักตัวเลขห้ามพลาด! 📊 เรียนฟรีคอร์สเจาะลึก SQL, Excel, R, การสร้าง Dashboard และ Visualization ข้อมูลแบบมืออาชีพ (วาปในเม้น👇)",
3,"อัปสกิลยุคข้อมูลแบบจัดเต็ม! 💻 Google สอนใช้เครื่องมือจริง เช่น Tableau, BigQuery, Sheets เน้น Workshop จริง เรียนจบทำโปรเจกต์ได้ทันที (วาปในเม้น👇)",
4,"ทักษะขาดแคลนที่บริษัทยักษ์ต้องการ! 🌟 เรียนฟรีคอร์สจาก Google ครบทั้ง Clean Data, วิเคราะห์แนวโน้ม และสื่อสารผลลัพธ์แบบ Data-Driven (วาปในเม้น👇)",
5,เปลี่ยนสายงานใน 3 เดือน! 💼 เรียนฟรี ตั้งแต่พื้นฐานจนเชี่ยวชาญ พร้อม Portfolio อวดผลงานวิเคราะห์ข้อมูลเวลาเข้าสัมภาษณ์งาน (วาปในเม้น👇),
6,มาแล้ว! 🚀 คอร์สปั้นนักวิเคราะห์ข้อมูลมือโปร สอนโดย Google ครบทุกสกิล ทั้งการตีความข้อมูล สร้างรายงาน และตัดสินใจธุรกิจแบบแม่นยำ (วาปในเม้น👇) ⬇️,
7,โอกาสเรียนฟรีพร้อมใบรับรอง! 🎯 เรียนคอร์สอัปเดต 2025 รู้ลึกเทรนด์ AI วิเคราะห์ข้อมูล และการทำ Predictions แบบโปร (วาปในเม้น👇),
8,ยกระดับการตัดสินใจด้วยข้อมูล! 📈 เรียนฟรี ตั้งแต่เก็บข้อมูล จนถึงสร้าง Insights ปั้นธุรกิจเติบโต (วาปในเม้น👇),
9,ห้ามพลาดถ้าอยากเป็นที่ต้องการของตลาด! 💸 เรียนจบมีทักษะครบ จัดเต็มเทคนิคปรับ Resume และฝึกสัมภาษณ์งานสาย Data (วาปในเม้น👇),
10,เก่ง Data Analytics ใน 3 เดือน! 🎓 Google สอนฟรี ตั้งแต่เริ่มต้นจนทำงานได้จริง รับรองมีสกิลต่อยอดอาชีพปัง! (วาปในเม้น👇) ⬇️,
,,
,,
อันที่ 38,,https://grow.google/certificates/project-management/
1,🔥 มาอัปสกิลจัดการโปรเจกต์กัน! คอร์ส Project Management Certificate จาก Google เรียนฟรีบน Grow with Google ตั้งแต่พื้นฐานจนทำงานได้จริง เรียนจบมีใบรับรอง พร้อมสมัครงานสายจัดการโปรเจกต์ได้เลย! (วาปในเม้น👇) ⬇️,
2,"สาย Project Manager และคนรักการวางแผนห้ามพลาด! 📅 เรียนฟรีคอร์สเจาะลึก Agile, Waterfall, การจัดสรรทรัพยากร และบริหารความเสี่ยงแบบมืออาชีพ (วาปในเม้น👇)",
3,"อัปสกิลบริหารโปรเจกต์แบบจัดเต็ม! 📊 Google สอนใช้เครื่องมือจริง เช่น Asana, Sheets เน้น Workshop จริง เรียนจบทำโปรเจกต์ได้ทันที (วาปในเม้น👇)",
4,ทักษะขาดแคลนที่ทุกองค์กรต้องการ! 🌟 เรียนฟรีคอร์สจาก Google ครบทั้งการสื่อสารกับทีม ติดตามความคืบหน้า และปิดโปรเจกต์ตรงเวลาแบบเป๊ะๆ (วาปในเม้น👇),
5,เปลี่ยนสายงานใน 3 เดือน! 💼 เรียนฟรี ตั้งแต่พื้นฐานจนเชี่ยวชาญ พร้อม Portfolio อวดผลงานบริหารโปรเจกต์เวลาเข้าสัมภาษณ์งาน (วาปในเม้น👇),
6,มาแล้ว! 🚀 คอร์สปั้นผู้จัดการโปรเจกต์มือโปร สอนโดย Google ครบทุกสกิล ทั้งสร้าง Gantt Chart วิเคราะห์ ROI และแก้ไขปัญหาแบบเร่งด่วน (วาปในเม้น👇) ⬇️,
7,โอกาสเรียนฟรีพร้อมใบรับรอง! 🎯 เรียนคอร์สอัปเดต 2025 รู้ลึกเทรนด์ Hybrid Project Management และการใช้ AI ช่วยวางแผน (วาปในเม้น👇),
8,ยกระดับการทำงานเป็นทีมด้วยหลักสูตรระดับโลก! 👥 เรียนฟรี ตั้งแต่ตั้งเป้าหมาย จนถึงส่งมอบงานคุณภาพตามงบประมาณ (วาปในเม้น👇),
9,ห้ามพลาดถ้าอยากเป็นหัวใจหลักขององค์กร! 💪 เรียนจบมีทักษะครบ จัดเต็มเทคนิคปรับ Resume และฝึกสัมภาษณ์งานสายจัดการโปรเจกต์ (วาปในเม้น👇),
10,เก่ง Project Management ใน 3 เดือน! 🎓 Google สอนฟรี ตั้งแต่เริ่มต้นจนทำงานได้จริง รับรองมีสกิลต่อยอดอาชีพปัง! (วาปในเม้น👇) ⬇️,
,,
,,
อันที่ 39,,https://grow.google/certificates/ux-design/
1,🔥 มาอัปสกิลออกแบบ UX กัน! คอร์ส UX Design Certificate จาก Google เรียนฟรีบน Grow with Google ตั้งแต่พื้นฐานจนทำงานได้จริง เรียนจบมีใบรับรอง พร้อมสมัครงานสายดีไซน์ได้เลย! (วาปในเม้น👇) ⬇️,
2,"สาย Designer และคนรักการออกแบบห้ามพลาด! 🎨 เรียนฟรีคอร์สเจาะลึก User Research, Wireframing, Prototyping และทดสอบใช้งานจริงแบบมืออาชีพ (วาปในเม้น👇)",
3,"อัปสกิลออกแบบประสบการณ์ผู้ใช้แบบจัดเต็ม! 💡 Google สอนใช้เครื่องมือจริง เช่น Figma, Adobe XD เน้น Workshop จริง เรียนจบทำโปรเจกต์ได้ทันที (วาปในเม้น👇)",
4,ทักษะขาดแคลนที่บริษัทยักษ์ต้องการ! 🌟 เรียนฟรีคอร์สจาก Google ครบทั้งออกแบบ Interface สวยๆ วิเคราะห์ Feedback และแก้ปัญหาให้ตรงใจผู้ใช้ (วาปในเม้น👇),
5,เปลี่ยนสายงานใน 3 เดือน! 💼 เรียนฟรี ตั้งแต่พื้นฐานจนเชี่ยวชาญ พร้อม Portfolio อวดผลงานดีไซน์เวลาเข้าสัมภาษณ์งาน (วาปในเม้น👇),
6,"มาแล้ว! 🚀 คอร์สปั้นนักออกแบบ UX มือโปร สอนโดย Google ครบทุกสกิล ทั้งสร้าง Persona, Flow การใช้งาน และทดสอบ Prototype จนเป๊ะ (วาปในเม้น👇) ⬇️",
7,โอกาสเรียนฟรีพร้อมใบรับรอง! 🎯 เรียนคอร์สอัปเดต 2025 รู้ลึกเทรนด์ Accessibility Design และการออกแบบสำหรับทุกผู้ใช้ (วาปในเม้น👇),
8,ยกระดับการออกแบบด้วยข้อมูลผู้ใช้! 📊 เรียนฟรี ตั้งแต่ค้นหาความต้องการ จนถึงสร้าง Solution ที่ใช้งานง่ายและน่าประทับใจ (วาปในเม้น👇),
9,ห้ามพลาดถ้าอยากเป็นที่ต้องการของตลาด! 💸 เรียนจบมีทักษะครบ จัดเต็มเทคนิคปรับ Resume และฝึกสัมภาษณ์งานสายดีไซน์ (วาปในเม้น👇),
10,เก่ง UX Design ใน 3 เดือน! 🎓 Google สอนฟรี ตั้งแต่เริ่มต้นจนทำงานได้จริง รับรองมีสกิลต่อยอดอาชีพปัง! (วาปในเม้น👇) ⬇️,
,,
,,
อันที่ 40,,
1,,
2,,
3,,
4,,
5,,
6,,
7,,
8,,
9,,
10,,
,,
,,
อันที่ 41,,
1,,
2,,
3,,
4,,
5,,
6,,
7,,
8,,
9,,
10,,
,,
,,
อันที่ 42,,
1,,
2,,
3,,
4,,
5,,
6,,
7,,
8,,
9,,
10,,
,,
,,
อันที่ 43,,
1,,
2,,
3,,
4,,
5,,
6,,
7,,
8,,
9,,
10,,
,,
,,
อันที่ 44,,
1,,
2,,
3,,
4,,
5,,
6,,
7,,
8,,
9,,
10,,
,,
,,
อันที่ 45,,
1,,
2,,
3,,
4,,
5,,
6,,
7,,
8,,
9,,
10,,
,,
,,
อันที่ 46,,
1,,
2,,
3,,
4,,
5,,
6,,
7,,
8,,
9,,
10,,
,,
,,
อันที่ 47,,
1,,
2,,
3,,
4,,
5,,
6,,
7,,
8,,
9,,
10,,
,,
,,
อันที่ 48,,
1,,
2,,
3,,
4,,
5,,
6,,
7,,
8,,
9,,
10,,
,,
,,
อันที่ 49,,
1,,
2,,
3,,
4,,
5,,
6,,
7,,
8,,
9,,
10,,
,,
,,
อันที่ 50,,
1,,
2,,
3,,
4,,
5,,
6,,
7,,
8,,
9,,
10,,
,,
,,
อันที่ 51,,
1,,
2,,
3,,
4,,
5,,
6,,
7,,
8,,
9,,
10,,
,,
,,
อันที่ 52,,
1,,
2,,
3,,
4,,
5,,
6,,
7,,
8,,
9,,
10,,
,,
,,
อันที่ 53,,
1,,
2,,
3,,
4,,
5,,
6,,
7,,
8,,
9,,
10,,
,,
,,
อันที่ 54,,
1,,
2,,
3,,
4,,
5,,
6,,
7,,
8,,
9,,
10,,
,,
,,
อันที่ 55,,
1,,
2,,
3,,
4,,
5,,
6,,
7,,
8,,
9,,
10,,
,,
,,
อันที่ 56,,
1,,
2,,
3,,
4,,
5,,
6,,
7,,
8,,
9,,
10,,
,,
,,
อันที่ 57,,
1,,
2,,
3,,
4,,
5,,
6,,
7,,
8,,
9,,
10,,
,,
,,
อันที่ 58,,
1,,
2,,
3,,
4,,
5,,
6,,
7,,
8,,
9,,
10,,
,,
,,
อันที่ 59,,
1,,
2,,
3,,
4,,
5,,
6,,
7,,
8,,
9,,
10,,
,,
,,
อันที่ 60,,
1,,
2,,
3,,
4,,
5,,
6,,
7,,
8,,
9,,
10,,
,,
,,
อันที่ 61,,
1,,
2,,
3,,
4,,
5,,
6,,
7,,
8,,
9,,
10,,
,,
,,
อันที่ 62,,
1,,
2,,
3,,
4,,
5,,
6,,
7,,
8,,
9,,
10,,
,,
,,
อันที่ 63,,
1,,
2,,
3,,
4,,
5,,
6,,
7,,
8,,
9,,
10,,
,,
,,
อันที่ 64,,
1,,
2,,
3,,
4,,
5,,
6,,
7,,
8,,
9,,
10,,
,,
,,
อันที่ 65,,
1,,
2,,
3,,
4,,
5,,
6,,
7,,
8,,
9,,
10,,
,,
,,
อันที่ 66,,
1,,
2,,
3,,
4,,
5,,
6,,
7,,
8,,
9,,
10,,
,,
,,
อันที่ 67,,
1,,
2,,
3,,
4,,
5,,
6,,
7,,
8,,
9,,
10,,
,,
,,
อันที่ 68,,
1,,
2,,
3,,
4,,
5,,
6,,
7,,
8,,
9,,
10,,
,,
,,
อันที่ 69,,
1,,
2,,
3,,
4,,
5,,
6,,
7,,
8,,
9,,
10,,
,,
,,
อันที่ 70,,
1,,
2,,
3,,
4,,
5,,
6,,
7,,
8,,
9,,
10,,
,,
,,
อันที่ 71,,
1,,
2,,
3,,
4,,
5,,
6,,
7,,
8,,
9,,
10,,
,,
,,
อันที่ 72,,
1,,
2,,
3,,
4,,
5,,
6,,
7,,
8,,
9,,
10,,
,,
,,
อันที่ 73,,
1,,
2,,
3,,
4,,
5,,
6,,
7,,
8,,
9,,
10,,
,,
,,
อันที่ 74,,
1,,
2,,
3,,
4,,
5,,
6,,
7,,
8,,
9,,
10,,
,,
,,
อันที่ 75,,
1,,
2,,
3,,
4,,
5,,
6,,
7,,
8,,
9,,
10,,
,,
,,
อันที่ 76,,
1,,
2,,
3,,
4,,
5,,
6,,
7,,
8,,
9,,
10,,
,,
,,
อันที่ 77,,
1,,
2,,
3,,
4,,
5,,
6,,
7,,
8,,
9,,
10,,
,,
,,
อันที่78,,
1,,
2,,
3,,
4,,
5,,
6,,
7,,
8,,
9,,
10,,
,,
,,
อันที่ 80,,
1,,
2,,
3,,
4,,
5,,
6,,
7,,
8,,
9,,
10,,
,,
,,
อันที่ 81,,
1,,
2,,
3,,
4,,
5,,
6,,
7,,
8,,
9,,
10,,
,,
,,
อันที่ 82,,
1,,
2,,
3,,
4,,
5,,
6,,
7,,
8,,
9,,
10,,
,,
,,
อันที่ 83,,
1,,
2,,
3,,
4,,
5,,
6,,
7,,
8,,
9,,
10,,
,,
,,
อันที่ 84,,
1,,
2,,
3,,
4,,
5,,
6,,
7,,
8,,
9,,
10,,
,,
,,
อันที่ 85,,
1,,
2,,
3,,
4,,
5,,
6,,
7,,
8,,
9,,
10,,
,,
,,
อันที่ 86,,
1,,
2,,
3,,
4,,
5,,
6,,
7,,
8,,
9,,
10,,
,,
,,
อันที่ 87,,
1,,
2,,
3,,
4,,
5,,
6,,
7,,
8,,
9,,
10,,
,,
,,
อันที่ 88,,
1,,
2,,
3,,
4,,
5,,
6,,
7,,
8,,
9,,
10,,
,,
,,
อันที่ 89,,
1,,
2,,
3,,
4,,
5,,
6,,
7,,
8,,
9,,
10,,
,,
,,
อันที่ 90,,
1,,
2,,
3,,
4,,
5,,
6,,
7,,
8,,
9,,
10,,
,,
,,
อันที่ 91,,
1,,
2,,
3,,
4,,
5,,
6,,
7,,
8,,
9,,
10,,
,,
,,
อันที่ 92,,
1,,
2,,
3,,
4,,
5,,
6,,
7,,
8,,
9,,
10,,
,,
,,
อันที่ 93,,
1,,
2,,
3,,
4,,
5,,
6,,
7,,
8,,
9,,
10,,
,,
,,
อันที่ 94,,
1,,
2,,
3,,
4,,
5,,
6,,
7,,
8,,
9,,
10,,
,,
,,
อันที่ 95,,
1,,
2,,
3,,
4,,
5,,
6,,
7,,
8,,
9,,
10,,
,,
,,
อันที่ 96,,
1,,
2,,
3,,
4,,
5,,
6,,
7,,
8,,
9,,
10,,
,,
,,
อันที่ 97,,
1,,
2,,
3,,
4,,
5,,
6,,
7,,
8,,
9,,
10,,
,,
,,
อันที่ 98,,
1,,
2,,
3,,
4,,
5,,
6,,
7,,
8,,
9,,
10,,
,,
,,
อันที่ 99,,
1,,
2,,
3,,
4,,
5,,
6,,
7,,
8,,
9,,
10,,
,,
,,
อันที่ 100,,
1,,
2,,
3,,
4,,
5,,
6,,
7,,
8,,
9,,
10,,